Attendance (%),Study Hours (per day),Assignment Score,Previous GPA,Participation Level,Internet Usage (hrs/day),Sleep Hours,Family Support Index,Extra Curricular,Final Exam Score,Pass/Fail,Performance Category
56.22,5.19,73.82,6.79,Medium,6.51,9.4,1,Yes,41.58,Fail,Medium
96.55,4.79,83.73,6.11,Low,9.99,6.68,4,No,51.4,Pass,Medium
81.24,0.26,40.04,4.31,High,1.5,8.07,3,Yes,43.69,Fail,Medium
71.91,3.41,69.99,2.05,Medium,1.56,6.05,6,Yes,43.84,Fail,Medium
40.92,3.8,65.74,5.97,Low,6.68,7.41,9,Yes,39.5,Fail,Low
40.92,3.99,86.63,4.29,High,11.36,5.38,9,Yes,47.23,Fail,Medium
34.07,5.8,92.49,7.88,Medium,4.98,5.11,7,No,53.48,Pass,Medium
90.63,5.34,20.97,2.19,Low,3.92,7.05,9,No,38.7,Fail,Low
72.08,6.08,73.92,6.68,Medium,7.28,6.49,8,Yes,55.77,Pass,Medium
79.57,7.65,24.15,9.53,Low,11.17,7.06,5,Yes,50.83,Pass,Medium
31.44,8.13,63.91,3.4,High,10.04,5.01,9,No,43.74,Fail,Medium
97.89,7.18,43.01,5.77,High,11.95,5.57,7,Yes,66.63,Pass,High
88.27,9.56,44.54,2.73,High,0.27,3.59,5,No,73.2,Pass,High
44.86,0.18,48.24,7.01,Medium,1.35,3.37,8,No,21.43,Fail,Low
42.73,1.96,69.7,6.4,Medium,7.31,4.77,7,Yes,28.02,Fail,Low
42.84,0.08,46.72,5.26,High,9.85,3.52,9,No,17.83,Fail,Low
51.3,6.47,78.62,6.17,Low,3.42,3.73,10,No,54.35,Pass,Medium
66.73,8.98,52.36,9.17,Medium,2.87,8.69,1,Yes,76.64,Pass,High
60.24,2.43,25.47,3.57,Medium,9.44,3.27,9,Yes,25.7,Fail,Low
50.39,9.27,82.7,2.18,Low,0.68,7.61,7,No,54.81,Pass,Medium
72.83,0.6,42.86,8.89,Medium,4.43,4.91,1,Yes,33.07,Fail,Low
39.76,9.34,54.62,6.62,High,6.07,9.1,1,No,55.62,Pass,Medium
50.45,3.52,74.84,9.13,High,6.72,6.39,5,No,46.91,Fail,Medium
55.65,1.01,46.6,6.78,Low,8.74,5.14,8,Yes,29.11,Fail,Low
61.92,4.86,24.53,8.48,Low,4.26,6.62,9,Yes,55.24,Pass,Medium
84.96,2.57,49.91,5.44,Low,7.35,5.67,6,No,31.97,Fail,Low
43.98,2.85,95.56,8.0,High,7.02,6.95,10,Yes,55.64,Pass,Medium
66.0,3.07,71.34,9.3,Low,6.57,3.8,8,No,49.05,Fail,Medium
71.47,8.03,73.72,6.58,Medium,7.69,9.98,6,No,58.19,Pass,Medium
33.25,5.39,70.58,3.45,Low,3.11,5.98,6,No,30.16,Fail,Low
72.53,3.11,35.92,4.15,Medium,1.02,5.44,4,Yes,49.52,Fail,Medium
41.94,6.1,53.47,3.59,Medium,1.43,7.97,5,No,40.94,Fail,Medium
34.55,7.16,80.08,3.97,High,2.69,5.55,2,No,50.85,Pass,Medium
96.42,2.73,28.11,4.45,Low,6.0,8.83,3,No,32.65,Fail,Low
97.59,4.14,42.23,6.44,Medium,10.09,6.18,3,No,34.85,Fail,Low
86.59,1.22,42.11,6.7,Low,8.42,8.04,5,No,33.93,Fail,Low
51.32,1.81,54.56,5.41,Medium,9.47,3.75,5,No,24.26,Fail,Low
36.84,6.81,98.43,6.92,High,4.21,8.92,6,Yes,68.18,Pass,High
77.9,1.81,25.4,2.65,Low,4.86,8.15,5,No,25.05,Fail,Low
60.81,5.25,61.5,2.7,High,4.72,4.48,6,Yes,44.98,Fail,Medium
38.54,7.09,34.35,3.37,Medium,2.3,4.02,8,Yes,39.87,Fail,Low
64.66,1.07,97.65,6.14,Low,0.73,5.21,2,No,34.6,Fail,Low
32.41,5.67,29.06,3.71,Medium,7.09,9.83,4,Yes,28.09,Fail,Low
93.65,2.57,52.29,4.27,Low,11.87,4.8,6,No,25.65,Fail,Low
48.11,9.63,79.03,5.2,Medium,2.0,6.19,5,No,60.27,Pass,Medium
76.38,4.84,76.36,8.49,High,0.56,3.21,1,Yes,67.11,Pass,High
51.82,8.06,53.82,2.11,Low,9.35,5.78,9,Yes,42.01,Fail,Medium
66.4,5.5,47.72,7.2,Medium,3.03,7.0,3,No,53.18,Pass,Medium
68.27,0.43,51.81,7.35,High,9.96,9.67,2,No,47.84,Fail,Medium
42.94,6.33,41.14,8.39,High,8.45,6.62,9,No,51.94,Pass,Medium
97.87,9.51,36.43,9.46,Medium,11.35,8.73,7,No,81.51,Pass,High
84.26,6.02,58.64,2.16,High,4.91,6.83,5,Yes,54.8,Pass,Medium
95.76,8.19,41.48,3.23,Medium,7.94,3.29,6,Yes,54.93,Pass,Medium
92.64,8.84,43.0,9.09,Medium,5.58,5.21,4,No,75.26,Pass,High
71.85,2.28,72.54,5.67,High,7.57,7.03,1,No,40.85,Fail,Medium
94.53,2.12,97.48,6.52,Medium,5.4,9.65,4,Yes,50.53,Pass,Medium
36.19,6.11,68.29,7.3,Medium,2.26,9.01,9,No,54.23,Pass,Medium
43.72,4.11,26.16,7.43,Medium,6.09,4.6,1,No,20.18,Fail,Low
33.17,8.4,26.05,9.45,High,6.34,4.54,10,No,65.77,Pass,High
52.77,9.0,96.11,9.98,High,9.73,4.41,3,Yes,75.43,Pass,High
57.21,3.53,43.78,7.76,Medium,8.83,9.46,5,No,50.88,Pass,Medium
48.99,2.37,27.37,4.3,Low,7.97,8.97,7,No,25.29,Fail,Low
88.01,7.81,67.92,9.04,Medium,1.36,8.42,9,No,86.54,Pass,High
54.97,2.75,69.89,2.39,Medium,8.65,5.75,6,No,27.91,Fail,Low
49.67,8.23,71.88,3.85,Low,6.0,6.53,3,No,48.69,Fail,Medium
67.99,4.24,41.39,9.18,High,10.73,6.25,7,No,59.13,Pass,Medium
39.86,6.68,21.21,4.05,Medium,11.04,4.77,4,No,29.78,Fail,Low
86.15,0.96,97.2,3.77,Low,0.66,6.54,3,Yes,36.84,Fail,Low
35.22,6.24,40.07,3.11,Low,9.85,3.21,7,Yes,23.21,Fail,Low
99.08,4.52,74.08,8.87,Low,0.45,3.92,7,No,68.48,Pass,High
84.06,5.87,76.53,6.0,High,4.41,9.21,4,Yes,66.59,Pass,High
43.91,1.68,68.8,7.4,Low,6.51,8.26,7,Yes,38.37,Fail,Low
30.39,7.37,45.03,3.91,Low,1.78,5.96,2,Yes,47.05,Fail,Medium
87.08,8.63,41.69,8.06,Medium,8.96,6.62,1,Yes,66.98,Pass,High
79.48,2.17,67.81,8.08,Low,0.1,5.59,2,Yes,49.76,Fail,Medium
81.03,0.96,89.29,4.5,Low,2.02,8.19,4,Yes,41.69,Fail,Medium
83.99,0.24,95.74,5.29,Low,6.97,8.49,8,No,35.28,Fail,Low
35.18,6.42,28.47,3.68,Medium,8.57,8.34,3,No,27.9,Fail,Low
55.09,6.07,32.39,9.81,Medium,11.0,8.06,10,No,49.57,Fail,Medium
38.11,5.47,95.58,7.16,Medium,8.47,4.43,6,Yes,50.04,Pass,Medium
90.42,2.32,78.92,9.48,Medium,8.06,5.37,6,No,51.67,Pass,Medium
73.63,3.91,90.64,4.43,High,4.73,6.29,9,No,59.04,Pass,Medium
53.16,5.94,36.21,8.26,Medium,0.02,5.32,9,No,60.6,Pass,Medium
34.45,4.97,67.01,8.13,Low,1.44,8.28,4,Yes,42.42,Fail,Medium
51.77,9.88,76.09,7.53,Low,6.41,5.31,9,Yes,62.45,Pass,Medium
52.76,1.36,74.41,9.73,Medium,8.1,3.97,6,No,40.29,Fail,Medium
81.07,6.95,52.65,5.15,High,5.01,5.79,2,No,58.92,Pass,Medium
74.63,4.04,21.23,3.05,Low,8.77,9.86,10,No,33.83,Fail,Low
92.1,4.28,66.63,7.37,Medium,6.26,4.58,6,No,50.1,Pass,Medium
63.06,7.18,40.25,7.83,Low,0.89,7.29,2,Yes,54.24,Pass,Medium
38.37,6.92,56.02,6.6,Medium,2.3,6.03,8,No,63.66,Pass,Medium
79.93,9.91,96.61,3.65,High,10.08,3.5,4,Yes,65.97,Pass,High
83.25,1.28,51.92,6.04,Low,8.7,6.42,5,No,24.74,Fail,Low
69.29,1.04,87.18,4.5,Medium,10.74,7.92,8,No,40.54,Fail,Medium
83.97,7.24,35.08,5.42,Low,1.41,6.59,8,No,61.7,Pass,Medium
64.57,5.78,73.8,7.16,Medium,11.88,9.1,6,Yes,54.26,Pass,Medium
66.59,2.74,98.16,7.96,Low,2.51,5.02,4,Yes,40.51,Fail,Medium
59.93,0.79,28.15,3.86,High,0.14,3.6,1,No,21.74,Fail,Low
31.78,0.86,20.67,5.24,Low,11.97,9.56,7,No,2.23,Fail,Low
37.55,8.94,54.69,4.15,High,3.37,5.65,8,No,63.3,Pass,Medium
32.2,1.92,27.41,3.59,Medium,8.02,7.03,9,No,25.33,Fail,Low
74.55,3.23,79.87,8.27,Medium,2.12,8.54,2,Yes,58.9,Pass,Medium
52.0,2.27,93.16,9.27,Low,6.96,5.27,1,No,47.35,Fail,Medium
65.6,3.55,54.72,4.96,High,10.85,8.01,4,No,39.68,Fail,Low
93.53,0.69,40.7,8.01,Low,3.84,3.95,5,No,34.95,Fail,Low
47.45,5.19,54.75,9.18,Low,8.04,5.04,10,Yes,46.94,Fail,Medium
58.73,0.68,77.88,8.77,Medium,2.25,4.01,1,No,36.75,Fail,Low
82.89,8.0,20.72,3.46,Low,7.5,8.68,5,Yes,50.37,Pass,Medium
46.02,2.34,67.16,9.65,Low,4.04,4.56,6,No,35.64,Fail,Low
35.39,5.4,69.06,5.01,High,2.53,8.02,3,No,43.53,Fail,Medium
50.28,8.8,71.02,4.71,High,3.76,9.6,7,Yes,61.12,Pass,Medium
41.29,6.51,39.36,2.5,Medium,2.15,6.69,6,Yes,43.97,Fail,Medium
95.08,5.33,77.12,5.89,High,10.82,6.78,4,No,57.83,Pass,Medium
86.57,3.24,27.31,2.87,Medium,4.77,6.23,3,No,28.53,Fail,Low
74.34,3.33,35.94,3.99,Low,2.94,5.28,5,Yes,30.29,Fail,Low
91.0,6.69,90.2,4.54,Medium,5.38,6.33,3,Yes,71.97,Pass,High
86.26,9.94,79.1,8.47,Medium,3.85,7.22,10,No,81.72,Pass,High
43.06,6.62,21.1,9.0,High,8.93,9.9,9,No,62.98,Pass,Medium
92.48,5.58,39.87,4.42,Low,11.65,9.56,9,Yes,49.14,Fail,Medium
67.75,7.31,37.15,8.87,Medium,5.26,9.04,6,No,71.52,Pass,High
86.52,4.65,41.66,8.86,Low,10.33,9.22,6,Yes,49.89,Fail,Medium
92.73,0.6,39.8,8.12,Low,6.79,6.27,4,Yes,26.32,Fail,Low
52.26,5.62,25.0,3.17,Low,1.89,7.6,4,Yes,40.33,Fail,Medium
37.7,9.58,56.72,7.52,High,8.29,9.27,2,No,63.06,Pass,Medium
45.96,1.75,78.62,9.56,High,6.16,5.75,10,Yes,59.22,Pass,Medium
59.9,6.9,68.54,7.46,High,7.81,9.73,4,No,69.7,Pass,High
87.26,2.01,73.83,4.65,Medium,10.68,5.91,8,No,45.13,Fail,Medium
90.25,5.36,26.49,6.0,Low,5.29,7.21,10,No,64.75,Pass,Medium
30.49,0.97,96.12,7.17,Low,10.81,7.97,2,No,23.48,Fail,Low
65.75,4.5,87.08,6.08,Low,9.01,9.65,9,No,57.84,Pass,Medium
59.22,7.56,84.41,2.96,Medium,5.86,4.71,1,No,45.48,Fail,Medium
45.55,3.48,85.84,4.5,High,7.24,8.22,2,No,45.56,Fail,Medium
38.39,6.65,94.62,8.42,Medium,3.91,6.65,2,No,55.0,Pass,Medium
53.63,7.95,63.54,8.89,Low,11.8,4.88,6,Yes,53.46,Pass,Medium
96.0,9.27,36.02,3.1,Low,8.01,8.44,7,Yes,60.36,Pass,Medium
52.62,2.35,69.34,9.62,Low,0.53,6.87,3,No,33.67,Fail,Low
66.32,3.99,79.43,4.63,Medium,3.92,7.63,9,Yes,48.8,Fail,Medium
79.21,1.52,79.03,7.3,High,7.48,5.26,5,Yes,50.35,Pass,Medium
55.45,9.92,61.72,8.01,Medium,0.68,6.37,5,No,61.51,Pass,Medium
98.02,9.27,25.48,8.5,High,0.29,7.32,4,Yes,84.34,Pass,High
97.37,5.4,49.69,9.57,Medium,5.4,5.83,9,No,73.52,Pass,High
47.62,8.42,93.66,4.5,Medium,3.99,4.39,8,Yes,67.39,Pass,High
64.81,5.21,66.76,8.87,Low,5.26,9.73,4,No,50.78,Pass,Medium
51.06,6.24,63.07,3.05,High,3.15,6.58,4,No,58.81,Pass,Medium
49.94,0.89,41.51,7.64,High,1.98,8.14,2,No,46.52,Fail,Medium
32.58,7.55,49.48,7.94,Low,8.27,5.88,9,Yes,35.48,Fail,Low
72.67,1.28,91.63,7.42,Medium,6.17,5.49,3,No,42.84,Fail,Medium
65.19,8.26,73.32,4.02,Medium,2.4,5.85,4,No,61.12,Pass,Medium
33.6,7.82,82.99,8.98,Medium,3.84,5.86,7,No,71.79,Pass,High
49.51,7.09,56.35,3.35,High,7.1,6.81,10,No,56.62,Pass,Medium
93.58,0.36,70.42,2.43,Medium,0.87,6.8,8,Yes,49.02,Fail,Medium
46.77,3.03,39.87,7.74,Medium,1.77,6.48,8,No,40.01,Fail,Medium
40.14,2.63,76.44,5.8,Low,0.88,3.94,4,No,23.85,Fail,Low
64.26,3.6,54.21,8.79,Low,9.75,6.47,7,Yes,37.83,Fail,Low
99.0,0.88,55.4,5.07,Low,9.03,4.18,10,No,42.18,Fail,Medium
46.94,9.37,71.95,3.35,Low,9.04,3.88,1,No,45.53,Fail,Medium
77.05,5.54,94.9,8.69,Medium,8.6,9.53,6,No,78.77,Pass,High
83.31,3.06,25.12,6.39,Medium,8.03,7.23,6,No,33.27,Fail,Low
46.63,3.97,85.98,3.51,Low,5.72,7.62,6,No,41.43,Fail,Medium
80.98,4.47,43.39,7.76,High,7.71,5.81,2,No,57.13,Pass,Medium
55.74,6.01,55.51,6.09,Low,0.46,9.36,8,No,54.17,Pass,Medium
74.26,5.16,21.75,6.83,Low,7.46,7.47,5,No,45.82,Fail,Medium
74.35,9.19,44.08,5.69,Low,9.33,8.38,5,No,56.84,Pass,Medium
67.5,4.97,60.21,8.63,Medium,6.0,5.58,2,No,53.51,Pass,Medium
36.32,9.92,24.49,8.64,Low,4.29,9.72,4,No,61.52,Pass,Medium
88.47,8.51,59.29,7.68,Medium,3.33,8.74,9,No,84.74,Pass,High
52.45,2.09,94.17,2.84,Medium,7.71,8.98,9,No,37.8,Fail,Low
43.06,9.31,28.43,8.71,High,8.31,4.21,6,No,70.6,Pass,High
32.85,1.16,81.16,7.37,Low,10.45,4.9,9,Yes,23.54,Fail,Low
71.36,8.17,52.77,7.58,Low,4.11,5.0,4,Yes,68.42,Pass,High
77.43,3.81,72.41,4.9,Low,9.24,4.9,1,Yes,27.28,Fail,Low
31.16,8.78,40.82,9.03,Medium,6.74,8.99,2,No,50.3,Pass,Medium
65.85,8.68,32.76,7.8,Low,10.59,3.22,1,Yes,39.5,Fail,Low
45.85,8.06,32.84,2.9,High,6.33,3.53,8,Yes,53.45,Pass,Medium
75.16,7.9,25.64,5.26,Medium,6.21,4.92,9,Yes,51.49,Pass,Medium
42.21,3.05,34.85,9.09,Medium,6.93,4.4,10,No,47.23,Fail,Medium
78.37,0.81,73.14,2.38,Medium,8.99,4.62,6,Yes,23.79,Fail,Low
57.07,4.03,90.54,9.69,Low,11.58,8.59,2,No,46.71,Fail,Medium
95.57,1.74,85.13,7.43,Low,0.88,6.94,6,Yes,57.46,Pass,Medium
39.63,6.95,74.81,7.05,Low,0.64,3.04,9,No,48.49,Fail,Medium
53.87,3.46,28.83,4.16,Medium,11.25,6.01,3,No,15.33,Fail,Low
37.94,9.76,43.13,3.99,Low,6.36,5.86,9,No,49.98,Fail,Medium
94.73,6.41,44.78,9.54,Low,7.38,3.8,2,Yes,53.33,Pass,Medium
91.41,8.22,40.0,4.39,High,5.79,7.73,5,No,70.64,Pass,High
48.06,1.33,61.2,8.2,Low,1.12,7.91,2,No,27.77,Fail,Low
76.2,8.62,62.84,5.14,High,9.22,8.05,7,Yes,67.21,Pass,High
87.21,9.23,48.55,3.11,High,8.97,8.1,10,Yes,69.44,Pass,High
68.86,4.87,48.3,2.09,Low,3.74,3.0,9,Yes,22.61,Fail,Low
67.08,6.06,86.28,6.35,Low,3.67,9.68,7,No,65.78,Pass,High
46.93,7.65,83.14,9.81,Low,10.05,8.7,5,Yes,54.21,Pass,Medium
36.52,1.75,44.62,4.95,Medium,0.87,9.33,4,No,39.88,Fail,Low
92.81,5.03,93.1,4.86,Medium,10.57,3.11,4,No,45.43,Fail,Medium
93.03,3.99,96.23,4.75,High,3.08,9.54,10,No,69.63,Pass,High
74.32,1.46,46.14,6.16,High,7.12,8.67,8,No,39.85,Fail,Low
53.73,3.68,48.35,5.53,Medium,11.23,8.86,10,No,45.11,Fail,Medium
54.44,0.68,60.45,9.04,Low,8.14,3.65,10,No,33.62,Fail,Low
80.82,0.26,95.29,6.04,Low,4.97,8.17,10,No,51.35,Pass,Medium
92.8,1.35,90.11,6.06,High,8.27,9.72,10,Yes,58.42,Pass,Medium
92.1,9.63,28.21,3.11,Low,4.13,7.75,10,Yes,63.22,Pass,Medium
84.59,5.5,51.42,9.86,Low,3.33,6.99,1,No,48.5,Fail,Medium
74.94,9.66,64.27,4.0,Medium,11.96,9.62,5,No,57.37,Pass,Medium
35.89,4.32,60.25,2.59,Medium,9.01,6.1,2,No,25.09,Fail,Low
41.31,3.12,35.51,7.31,High,7.74,7.2,9,Yes,45.13,Fail,Medium
92.9,5.06,88.71,6.76,Medium,4.26,6.33,7,Yes,75.46,Pass,High
72.45,4.4,74.16,5.32,Low,0.59,9.53,10,Yes,47.62,Fail,Medium
30.64,1.06,87.03,5.38,High,0.37,3.53,8,No,41.12,Fail,Medium
37.1,6.41,88.7,8.28,Low,6.65,6.51,6,No,48.88,Fail,Medium
76.45,2.16,79.87,3.57,Low,9.14,7.81,9,No,36.14,Fail,Low
30.35,6.2,55.14,8.56,Medium,6.45,8.54,6,No,51.33,Pass,Medium
41.26,6.5,68.84,7.19,Low,10.09,7.08,7,Yes,43.52,Fail,Medium
68.41,1.52,32.83,5.35,Medium,0.4,9.36,7,Yes,35.73,Fail,Low
78.43,0.61,73.89,5.66,Low,4.4,9.59,9,Yes,34.4,Fail,Low
75.64,7.81,34.34,4.05,Medium,2.84,3.45,8,No,54.02,Pass,Medium
45.7,4.6,75.52,8.02,Medium,5.37,5.82,1,Yes,37.42,Fail,Low
79.85,0.58,38.37,6.1,High,0.87,3.16,4,No,40.07,Fail,Medium
46.61,9.95,29.4,4.57,High,11.45,5.31,7,No,52.62,Pass,Medium
52.78,0.58,33.22,6.77,Low,2.68,6.76,8,Yes,15.22,Fail,Low
82.25,6.95,20.16,9.97,Medium,11.07,9.38,7,Yes,72.05,Pass,High
75.47,9.84,77.5,5.48,Medium,5.11,8.93,3,Yes,72.13,Pass,High
89.45,2.39,78.59,9.37,Low,11.83,3.89,4,No,28.21,Fail,Low
76.03,1.42,61.19,4.76,High,6.65,3.65,7,No,41.66,Fail,Medium
69.78,1.21,32.91,2.44,Medium,11.17,7.12,8,Yes,20.47,Fail,Low
36.56,3.03,26.68,3.63,Low,0.06,6.72,7,No,19.52,Fail,Low
55.74,1.01,21.53,5.35,Medium,8.98,4.86,6,No,21.54,Fail,Low
48.56,6.92,33.26,3.76,Low,10.84,9.3,9,No,32.95,Fail,Low
47.08,0.62,91.27,2.0,Medium,1.68,9.49,9,No,36.38,Fail,Low
98.11,5.09,39.32,9.32,Low,1.15,5.82,7,No,59.2,Pass,Medium
57.52,9.97,48.34,8.75,High,5.09,9.23,8,No,76.36,Pass,High
92.44,8.14,28.43,7.94,High,11.2,5.69,6,Yes,66.83,Pass,High
74.18,6.15,37.79,3.34,Medium,6.51,8.16,1,Yes,34.32,Fail,Low
85.64,3.06,61.54,2.96,Medium,6.33,6.33,1,No,35.8,Fail,Low
65.18,6.24,68.62,2.54,High,1.69,3.86,6,No,59.0,Pass,Medium
70.38,5.27,39.63,7.79,Medium,0.01,9.5,2,No,65.12,Pass,High
64.48,4.26,24.62,9.43,Low,9.72,6.18,8,No,46.8,Fail,Medium
43.67,1.31,51.28,5.44,Medium,1.05,8.14,1,No,37.47,Fail,Low
80.57,8.87,38.74,2.95,High,7.61,5.57,2,Yes,54.6,Pass,Medium
49.65,4.5,37.56,6.1,Medium,10.98,3.13,8,Yes,27.25,Fail,Low
31.7,1.95,96.79,4.79,Medium,2.5,3.7,6,Yes,37.67,Fail,Low
75.18,3.68,69.3,5.0,High,7.98,6.47,10,No,51.48,Pass,Medium
42.4,4.14,64.55,6.97,High,0.94,7.83,2,Yes,52.65,Pass,Medium
95.83,8.28,53.26,7.75,High,7.25,5.34,2,Yes,76.16,Pass,High
96.78,7.34,54.32,2.88,Low,1.97,7.87,7,Yes,70.78,Pass,High
94.04,7.69,63.27,2.28,Medium,8.83,7.89,5,Yes,59.15,Pass,Medium
55.91,0.11,75.71,9.95,Medium,3.61,7.93,5,Yes,44.9,Fail,Medium
31.08,4.16,76.17,3.86,High,5.56,6.45,8,Yes,37.53,Fail,Low
94.98,4.81,33.74,2.43,Medium,7.19,9.4,7,No,53.3,Pass,Medium
59.97,0.19,60.01,3.52,Low,2.06,6.42,9,Yes,29.31,Fail,Low
97.67,2.6,52.96,2.31,High,8.9,6.15,4,Yes,39.27,Fail,Low
97.45,7.6,89.64,5.13,Medium,3.63,4.4,10,No,71.37,Pass,High
89.71,1.37,70.51,8.42,Low,7.95,5.15,4,No,37.59,Fail,Low
50.61,5.35,62.6,4.73,Medium,1.9,3.3,2,Yes,41.77,Fail,Medium
56.96,2.15,29.23,5.55,Low,8.26,7.43,3,Yes,14.2,Fail,Low
89.58,0.12,68.45,7.4,Low,1.54,4.74,1,No,42.94,Fail,Medium
52.18,2.41,29.38,6.07,Low,5.1,5.13,1,Yes,27.49,Fail,Low
41.86,9.76,46.98,8.89,Medium,2.97,8.4,7,Yes,69.55,Pass,High
68.98,8.02,31.43,8.93,Medium,8.98,5.29,5,Yes,55.36,Pass,Medium
95.53,9.6,75.37,2.08,Medium,3.14,4.7,3,Yes,65.75,Pass,High
78.72,4.88,36.5,8.22,Medium,10.58,4.18,7,No,47.86,Fail,Medium
69.9,1.1,51.35,5.69,High,10.7,8.42,2,No,32.73,Fail,Low
36.8,5.48,91.65,9.91,Low,2.36,3.91,3,No,56.09,Pass,Medium
73.05,4.54,36.35,5.87,Low,7.37,6.18,1,No,26.88,Fail,Low
99.3,8.44,60.62,9.9,High,1.05,6.55,8,Yes,89.12,Pass,High
39.81,0.98,53.54,8.04,Low,4.7,7.81,2,No,30.14,Fail,Low
66.28,4.88,21.45,3.99,High,8.56,7.43,7,Yes,45.7,Fail,Medium
91.42,1.5,83.42,6.31,High,7.91,8.68,9,Yes,53.91,Pass,Medium
81.85,3.25,25.52,9.94,Medium,7.5,3.31,6,No,47.77,Fail,Medium
78.79,7.37,57.94,8.86,High,3.39,5.08,2,No,67.22,Pass,High
79.17,4.76,64.85,2.78,Low,4.54,4.96,2,Yes,35.56,Fail,Low
55.16,3.76,70.27,7.65,Low,1.24,4.02,9,No,53.31,Pass,Medium
50.55,3.94,75.09,4.76,Medium,8.63,5.02,10,Yes,45.35,Fail,Medium
86.66,4.59,40.26,2.06,Medium,6.05,5.17,8,Yes,43.38,Fail,Medium
86.71,7.85,20.8,5.23,High,8.51,6.65,9,Yes,58.06,Pass,Medium
90.7,8.92,77.88,3.88,Low,2.99,7.65,4,No,63.97,Pass,Medium
93.93,9.55,62.85,8.55,Medium,3.89,5.67,4,No,79.35,Pass,High
65.79,7.87,86.89,4.7,Medium,4.01,8.04,2,No,68.99,Pass,High
65.11,3.15,85.71,8.62,Medium,0.31,5.35,10,Yes,51.45,Pass,Medium
85.88,6.88,87.47,2.0,Low,4.09,5.03,1,Yes,43.47,Fail,Medium
75.5,4.38,58.81,4.46,Medium,9.64,6.79,10,No,52.13,Pass,Medium
79.14,2.55,46.69,3.93,High,10.77,3.17,4,Yes,40.67,Fail,Medium
85.71,8.41,83.32,3.87,Low,6.22,3.56,10,Yes,60.83,Pass,Medium
92.3,0.38,56.1,2.55,High,5.47,5.93,10,No,49.83,Fail,Medium
53.66,9.02,34.68,3.5,Medium,0.37,9.6,8,No,57.99,Pass,Medium
56.29,4.61,88.4,6.44,High,10.55,8.05,2,Yes,42.56,Fail,Medium
36.58,6.37,90.6,4.33,Medium,0.16,3.62,8,Yes,56.8,Pass,Medium
70.48,6.59,57.3,5.34,Low,11.34,8.92,1,Yes,48.92,Fail,Medium
32.52,8.95,26.06,5.01,Medium,5.87,8.13,1,No,51.16,Pass,Medium
62.59,6.37,51.03,9.01,High,4.1,7.28,4,No,61.51,Pass,Medium
67.99,6.14,84.28,9.24,Medium,11.09,8.74,7,No,64.04,Pass,Medium
50.06,0.67,92.14,5.94,High,0.29,5.83,9,Yes,53.7,Pass,Medium
71.36,5.18,36.28,4.64,Medium,6.98,4.55,5,Yes,42.25,Fail,Medium
32.14,1.5,25.36,2.85,Low,6.59,6.58,2,No,14.13,Fail,Low
32.61,7.37,90.19,9.63,Medium,2.63,6.84,7,No,64.57,Pass,Medium
87.58,5.12,51.15,2.48,High,5.15,6.77,2,No,50.03,Pass,Medium
55.21,6.8,63.34,4.38,Low,7.83,6.96,9,Yes,47.54,Fail,Medium
38.89,0.42,97.45,4.38,High,8.73,9.64,9,No,42.22,Fail,Medium
66.56,0.85,25.33,4.56,High,0.01,9.32,3,No,38.11,Fail,Low
83.9,7.16,71.87,3.31,Medium,11.24,9.13,8,No,61.78,Pass,Medium
45.11,0.72,25.93,8.27,Low,1.97,8.61,4,No,36.7,Fail,Low
73.6,0.71,50.04,2.98,Medium,2.8,9.6,3,Yes,29.12,Fail,Low
35.97,0.12,84.31,7.08,Low,3.16,3.69,1,Yes,20.17,Fail,Low
33.62,9.57,54.68,2.99,High,0.45,4.86,5,Yes,64.35,Pass,Medium
67.19,7.38,99.77,2.56,Medium,1.48,6.47,4,No,70.25,Pass,High
67.84,3.53,64.72,9.28,Medium,11.84,8.93,1,No,48.03,Fail,Medium
74.62,2.97,45.69,3.52,High,3.78,6.54,10,No,44.83,Fail,Medium
80.83,3.5,37.61,8.57,Medium,1.38,8.24,8,Yes,59.79,Pass,Medium
98.31,7.75,48.04,6.36,Medium,1.28,3.97,8,No,75.98,Pass,High
66.14,6.61,49.8,2.62,Medium,8.63,4.77,8,No,38.81,Fail,Low
52.61,1.85,25.5,9.64,Medium,10.25,8.12,3,Yes,25.93,Fail,Low
85.66,1.74,49.57,3.98,Medium,3.08,4.15,6,No,35.63,Fail,Low
48.96,0.98,57.14,8.88,High,0.25,5.46,7,Yes,52.36,Pass,Medium
60.73,6.6,77.82,3.35,Medium,2.68,4.85,9,Yes,47.82,Fail,Medium
35.49,7.64,72.54,8.83,Medium,0.68,5.45,5,Yes,58.97,Pass,Medium
31.77,2.65,76.7,2.11,Medium,1.24,7.96,9,No,36.67,Fail,Low
97.39,0.21,20.67,6.09,Low,5.18,5.57,6,No,35.53,Fail,Low
88.52,0.82,37.41,8.16,Low,2.76,6.89,10,Yes,45.9,Fail,Medium
78.72,9.68,72.93,9.48,High,6.19,3.7,10,No,88.11,Pass,High
58.63,2.95,58.72,9.27,Medium,3.04,8.64,10,No,61.62,Pass,Medium
42.13,7.69,20.43,8.56,Medium,11.29,5.59,4,No,52.11,Pass,Medium
40.95,6.25,84.36,9.11,Medium,10.87,7.54,1,Yes,57.38,Pass,Medium
47.52,3.82,81.82,3.59,Low,6.8,8.08,1,No,19.04,Fail,Low
68.45,2.06,63.87,4.27,Medium,4.25,4.47,10,No,40.13,Fail,Medium
80.02,1.21,25.32,4.31,Medium,4.57,9.19,5,Yes,38.73,Fail,Low
76.21,6.15,81.32,5.02,Medium,4.94,7.31,3,Yes,65.89,Pass,High
49.6,7.75,66.7,5.15,Medium,8.73,6.0,5,No,53.07,Pass,Medium
96.84,6.44,82.56,6.36,Low,5.42,4.28,5,Yes,55.15,Pass,Medium
81.65,5.3,80.14,3.28,Low,10.28,9.6,1,No,37.42,Fail,Low
68.8,0.42,84.24,7.53,High,11.33,8.29,8,Yes,41.8,Fail,Medium
72.82,9.68,61.44,3.34,Medium,4.03,4.46,5,No,62.92,Pass,Medium
59.37,7.99,31.23,4.48,Medium,6.73,5.36,5,Yes,44.84,Fail,Medium
47.34,2.93,73.69,6.03,Low,1.14,8.67,9,Yes,28.38,Fail,Low
54.92,9.8,69.64,8.37,Low,2.41,7.87,8,Yes,66.37,Pass,High
83.05,6.02,79.38,7.92,Medium,4.96,8.36,1,No,61.25,Pass,Medium
31.01,5.82,33.59,7.16,Medium,2.47,6.09,3,No,34.72,Fail,Low
38.13,7.48,35.6,3.25,Medium,10.52,8.02,7,Yes,31.94,Fail,Low
33.22,8.12,91.23,6.38,Low,1.9,5.71,1,Yes,62.85,Pass,Medium
32.85,6.56,80.0,2.7,Medium,5.47,4.48,1,No,35.88,Fail,Low
89.88,1.28,92.66,5.02,Low,7.27,7.43,5,No,37.46,Fail,Low
79.26,3.38,80.7,5.31,Low,8.3,9.83,9,No,51.5,Pass,Medium
63.19,9.28,67.77,2.32,Medium,4.6,5.17,6,Yes,63.18,Pass,Medium
36.85,2.25,72.33,4.19,Low,10.43,6.23,10,No,35.45,Fail,Low
64.41,3.72,91.13,9.65,Low,6.82,7.72,2,No,58.72,Pass,Medium
63.14,4.32,66.3,9.63,Medium,5.27,6.79,9,No,61.41,Pass,Medium
42.12,4.39,70.59,4.82,Medium,0.81,8.9,6,No,39.86,Fail,Low
60.37,6.13,32.52,2.34,High,5.58,8.33,5,Yes,41.96,Fail,Medium
57.9,9.43,57.91,3.43,Medium,9.85,3.41,5,Yes,46.52,Fail,Medium
73.11,2.41,77.31,5.14,Low,7.37,9.99,3,No,40.41,Fail,Medium
74.46,1.22,41.68,9.58,Low,9.99,8.27,6,No,36.54,Fail,Low
33.17,1.97,36.18,3.13,High,5.93,9.05,4,No,19.18,Fail,Low
56.22,8.87,45.11,8.11,Medium,1.42,7.56,10,No,63.66,Pass,Medium
73.81,6.46,39.32,2.87,Medium,0.16,8.99,2,No,53.14,Pass,Medium
65.22,2.86,37.19,9.85,Low,3.64,3.79,3,Yes,39.27,Fail,Low
89.95,8.16,53.99,5.05,Medium,8.38,5.43,9,Yes,61.88,Pass,Medium
76.11,8.61,92.63,8.2,Low,9.48,9.13,9,Yes,74.68,Pass,High
41.41,8.47,60.56,4.74,Medium,3.55,4.41,6,Yes,59.53,Pass,Medium
34.94,9.19,35.03,7.02,High,5.95,3.55,10,No,62.85,Pass,Medium
74.97,2.52,26.16,3.54,High,5.05,8.52,10,Yes,40.17,Fail,Medium
31.86,7.55,75.69,3.17,Medium,4.93,8.85,9,Yes,62.16,Pass,Medium
71.0,4.61,50.62,9.5,Medium,2.78,4.14,4,Yes,53.84,Pass,Medium
95.82,8.42,85.75,9.34,High,1.64,8.98,5,Yes,94.27,Pass,High
70.28,7.28,72.76,9.1,Medium,2.36,7.81,10,Yes,73.02,Pass,High
57.17,7.76,83.7,7.0,Low,0.66,6.64,6,No,58.25,Pass,Medium
75.03,6.56,41.76,8.47,Medium,2.38,8.81,9,Yes,63.67,Pass,Medium
62.08,1.77,75.39,2.55,Low,0.11,5.93,5,No,25.15,Fail,Low
68.19,5.45,41.12,4.68,Medium,7.53,4.36,8,No,27.39,Fail,Low
95.9,9.85,95.13,4.51,Medium,3.8,4.99,1,No,72.46,Pass,High
57.03,9.37,70.91,7.09,Medium,11.68,6.54,5,Yes,65.75,Pass,High
97.28,0.43,45.96,4.85,Medium,2.32,6.72,10,Yes,39.13,Fail,Low
93.37,1.65,41.56,3.19,Low,4.15,8.64,1,Yes,44.24,Fail,Medium
43.71,1.32,35.27,6.77,Medium,4.29,8.54,10,No,43.06,Fail,Medium
34.86,7.26,75.57,8.52,High,0.1,7.07,6,No,70.48,Pass,High
37.05,8.18,37.5,5.06,Medium,10.07,8.47,7,No,39.99,Fail,Low
31.28,2.14,67.62,3.06,Low,0.38,4.34,5,No,14.03,Fail,Low
36.61,5.06,41.17,3.57,High,11.28,3.35,1,Yes,25.67,Fail,Low
77.81,8.41,72.96,3.9,High,10.7,9.12,6,No,66.66,Pass,High
34.98,7.33,85.2,4.4,Low,6.43,3.53,10,Yes,43.92,Fail,Medium
52.33,5.42,82.24,7.14,Low,6.52,4.73,5,No,50.93,Pass,Medium
89.14,5.9,80.87,6.81,Medium,7.85,7.87,6,No,71.47,Pass,High
31.63,5.08,35.02,7.57,High,4.64,5.87,10,Yes,53.29,Pass,Medium
87.01,2.98,27.07,4.9,High,7.77,9.13,7,Yes,51.13,Pass,Medium
49.73,5.65,75.92,8.59,High,0.54,5.09,7,No,65.66,Pass,High
38.27,6.89,49.47,3.63,Medium,0.65,3.08,2,Yes,40.24,Fail,Medium
78.77,8.73,54.59,5.75,Medium,5.49,5.1,3,Yes,63.3,Pass,Medium
74.03,6.36,22.49,8.41,Low,6.6,7.05,6,Yes,49.2,Fail,Medium
91.42,7.61,40.77,3.44,Low,10.65,5.63,3,Yes,46.87,Fail,Medium
81.45,1.6,22.69,2.88,Medium,1.26,6.74,2,No,24.6,Fail,Low
86.24,4.62,90.33,9.07,Medium,9.87,9.14,4,No,58.14,Pass,Medium
49.74,0.09,39.47,4.74,Medium,2.52,9.39,5,No,21.79,Fail,Low
42.42,2.47,64.59,7.47,Medium,4.73,4.86,10,Yes,37.68,Fail,Low
82.54,7.26,23.12,2.2,Low,3.8,6.23,9,No,45.92,Fail,Medium
86.48,9.92,73.35,7.52,Medium,4.8,6.84,3,No,82.43,Pass,High
99.34,0.99,45.84,4.53,Low,1.81,9.64,3,Yes,39.07,Fail,Low
58.88,4.01,91.83,2.45,Medium,6.04,9.99,6,Yes,38.0,Fail,Low
56.04,8.0,91.05,6.88,High,9.62,4.65,5,No,56.56,Pass,Medium
84.35,2.04,46.02,3.93,Medium,5.3,8.09,6,Yes,37.13,Fail,Low
53.86,5.55,92.08,5.09,High,5.89,5.65,7,Yes,62.24,Pass,Medium
95.15,7.33,99.69,2.64,Low,10.19,3.06,3,Yes,56.27,Pass,Medium
90.09,6.16,86.03,3.18,Medium,8.47,3.06,5,Yes,42.16,Fail,Medium
60.03,1.88,87.59,4.38,Low,5.89,6.22,8,Yes,36.3,Fail,Low
82.56,3.55,39.92,2.72,Medium,3.09,6.42,4,Yes,37.24,Fail,Low
82.82,7.84,66.14,9.29,High,10.62,3.16,10,No,72.07,Pass,High
37.22,5.54,25.38,2.05,Medium,6.92,7.81,2,Yes,20.44,Fail,Low
93.18,0.05,27.59,5.87,High,2.65,5.06,4,No,39.05,Fail,Low
65.37,7.61,99.91,2.99,Low,3.23,6.92,2,Yes,47.34,Fail,Medium
87.85,0.35,46.13,4.46,High,9.64,5.11,3,No,29.97,Fail,Low
52.4,7.46,79.85,9.41,Low,0.53,4.17,4,No,68.22,Pass,High
92.69,2.02,84.53,3.29,High,11.91,5.85,4,No,44.84,Fail,Medium
57.24,9.58,88.64,9.73,Low,1.56,4.63,10,No,88.03,Pass,High
30.76,3.68,99.81,3.65,Low,9.55,6.74,9,No,33.56,Fail,Low
93.38,3.27,39.32,7.93,Medium,4.74,4.39,10,No,55.14,Pass,Medium
36.39,1.49,23.23,6.37,High,5.91,6.56,6,Yes,33.44,Fail,Low
52.35,3.06,52.9,9.08,Low,10.57,4.1,9,Yes,30.8,Fail,Low
96.5,8.77,30.41,6.43,Medium,4.95,7.7,4,No,56.67,Pass,Medium
96.54,9.96,21.79,6.28,High,6.45,8.28,9,Yes,84.53,Pass,High
70.14,3.68,48.83,3.56,Medium,0.59,3.77,9,No,34.54,Fail,Low
74.23,4.49,82.7,3.33,Low,0.03,6.27,6,No,54.8,Pass,Medium
61.39,7.22,65.29,9.33,Medium,2.94,3.5,5,Yes,67.56,Pass,High
50.52,8.86,45.02,4.62,Medium,8.17,7.19,3,No,44.77,Fail,Medium
53.01,5.93,72.35,4.98,High,1.46,4.85,5,Yes,55.25,Pass,Medium
77.08,3.92,38.56,8.08,High,1.37,6.69,3,Yes,58.55,Pass,Medium
82.67,4.13,21.15,4.71,Medium,4.93,6.62,5,No,37.1,Fail,Low
85.41,6.96,81.15,9.62,High,7.77,9.47,5,Yes,82.73,Pass,High
85.27,0.03,69.9,7.9,Medium,8.54,6.84,2,No,40.12,Fail,Medium
36.38,6.2,80.98,6.78,Low,2.14,7.08,9,No,45.75,Fail,Medium
64.61,3.55,23.12,9.05,Low,0.96,5.81,7,Yes,41.09,Fail,Medium
34.03,7.94,86.97,2.4,Medium,11.28,9.64,6,No,45.16,Fail,Medium
68.47,0.93,69.56,4.06,Low,3.13,8.44,5,No,38.3,Fail,Low
60.91,5.88,65.07,5.72,High,10.24,5.0,4,Yes,53.37,Pass,Medium
92.14,4.81,69.97,3.82,High,10.36,8.91,8,Yes,46.1,Fail,Medium
54.56,6.42,89.15,7.95,Low,9.27,6.03,2,No,46.51,Fail,Medium
38.19,0.65,66.95,9.35,Medium,2.03,8.8,8,No,46.07,Fail,Medium
40.01,5.8,66.48,5.39,Medium,9.86,8.76,1,Yes,34.54,Fail,Low
83.31,5.61,99.25,4.74,High,9.23,4.32,10,Yes,59.22,Pass,Medium
73.28,5.61,80.54,9.69,High,7.16,7.91,1,No,63.27,Pass,Medium
37.08,6.03,55.38,5.56,Medium,4.05,5.03,3,No,39.84,Fail,Low
35.89,6.76,76.59,5.91,High,3.15,5.08,5,Yes,51.94,Pass,Medium
79.07,8.05,51.14,4.81,Medium,1.46,5.07,6,No,66.57,Pass,High
35.09,2.7,38.31,9.28,Medium,6.12,8.08,4,No,31.94,Fail,Low
87.53,8.25,67.75,6.55,Low,7.02,4.61,7,No,56.65,Pass,Medium
79.44,4.98,94.25,8.1,Low,4.31,3.01,7,Yes,55.13,Pass,Medium
35.69,0.77,94.33,8.49,Medium,5.7,8.01,2,No,43.57,Fail,Medium
35.94,0.59,47.35,4.73,Low,4.36,4.2,2,Yes,14.5,Fail,Low
99.06,3.34,62.21,5.47,Low,7.69,3.73,2,No,41.51,Fail,Medium
56.2,7.85,36.93,8.79,Medium,10.82,4.66,2,No,50.31,Pass,Medium
55.94,7.08,99.65,4.91,Low,1.97,5.66,9,No,54.26,Pass,Medium
86.9,7.89,98.49,8.35,Medium,4.58,6.33,5,No,73.73,Pass,High
96.31,5.17,71.96,9.53,Medium,1.69,3.31,8,Yes,66.56,Pass,High
99.02,4.4,84.35,6.99,High,7.5,9.79,5,No,75.5,Pass,High
82.74,1.47,77.21,7.93,Medium,8.75,8.01,5,Yes,47.75,Fail,Medium
56.34,3.28,67.45,8.44,Low,11.18,5.26,1,No,22.28,Fail,Low
35.85,4.34,24.27,8.76,Medium,3.35,5.23,6,Yes,48.66,Fail,Medium
84.4,0.89,56.38,5.16,High,11.4,6.14,4,Yes,33.91,Fail,Low
69.09,2.21,73.98,2.41,High,0.76,7.38,3,No,48.31,Fail,Medium
59.7,5.98,74.2,5.22,Medium,7.24,4.02,6,No,53.42,Pass,Medium
93.44,7.36,49.85,7.39,Low,0.69,4.32,2,No,47.9,Fail,Medium
37.78,9.98,95.34,5.6,High,10.73,9.02,8,No,72.69,Pass,High
64.48,9.33,33.39,7.99,Low,6.36,4.79,1,Yes,51.79,Pass,Medium
30.79,6.43,60.03,4.86,Medium,8.03,5.66,9,No,29.18,Fail,Low
62.81,4.21,75.27,7.08,Medium,9.98,9.1,8,Yes,44.85,Fail,Medium
33.94,6.36,75.77,3.49,Low,1.8,7.64,1,No,36.64,Fail,Low
38.32,7.86,71.89,7.99,Low,0.46,5.39,10,No,66.56,Pass,High
38.23,1.18,42.02,6.37,Low,10.55,7.79,9,Yes,19.74,Fail,Low
75.44,4.1,32.5,3.63,Medium,3.78,3.14,2,Yes,35.04,Fail,Low
82.22,8.4,70.88,4.34,High,1.55,8.15,3,Yes,72.27,Pass,High
70.84,3.84,67.94,7.99,Low,5.62,6.41,2,Yes,50.02,Pass,Medium
97.35,5.72,34.35,5.86,High,7.18,8.69,8,Yes,68.0,Pass,High
56.24,5.88,76.41,3.73,Low,0.37,9.68,2,Yes,49.42,Fail,Medium
50.0,1.84,56.41,9.74,Medium,3.3,9.48,10,Yes,45.17,Fail,Medium
90.8,3.62,73.42,7.72,Low,0.39,9.36,2,No,58.44,Pass,Medium
45.65,3.35,86.99,9.66,High,5.04,6.59,1,No,68.5,Pass,High
97.43,0.26,33.58,5.42,High,10.74,5.52,7,Yes,40.83,Fail,Medium
30.85,0.24,21.53,5.8,Medium,11.79,6.26,2,Yes,2.45,Fail,Low
97.89,8.32,82.33,9.18,High,7.64,7.83,10,Yes,100.0,Pass,High
33.02,2.73,68.78,6.2,Medium,1.94,9.19,5,No,36.49,Fail,Low
92.38,5.18,75.97,7.66,High,10.87,4.45,5,No,65.31,Pass,High
66.94,2.99,87.05,4.02,Medium,6.19,9.43,3,No,42.41,Fail,Medium
99.51,9.41,84.22,5.57,High,1.84,8.71,3,No,88.55,Pass,High
35.17,2.59,96.87,2.99,Medium,11.06,9.85,3,No,28.45,Fail,Low
68.77,4.3,62.87,3.65,Low,9.09,9.16,6,No,36.27,Fail,Low
97.85,8.73,59.08,2.01,Medium,8.78,4.96,4,Yes,53.69,Pass,Medium
66.62,8.42,52.15,2.31,Low,8.51,3.74,3,No,32.13,Fail,Low
74.06,1.86,32.3,9.82,Medium,2.4,3.79,2,No,35.8,Fail,Low
78.7,8.03,65.81,3.94,Medium,2.53,5.04,3,No,61.2,Pass,Medium
61.82,4.58,42.16,7.31,Medium,8.26,7.3,4,No,39.85,Fail,Low
73.93,4.83,93.7,8.71,Low,2.64,8.63,6,Yes,58.57,Pass,Medium
70.9,1.33,66.66,6.41,Low,5.26,9.29,4,No,51.93,Pass,Medium
93.08,0.81,67.43,3.23,Medium,9.38,7.37,8,Yes,49.11,Fail,Medium
33.18,7.28,48.39,7.82,High,9.41,3.04,3,Yes,50.47,Pass,Medium
49.67,4.96,24.16,6.8,Medium,5.44,4.3,3,Yes,40.39,Fail,Medium
96.53,4.37,22.54,7.85,Medium,9.51,3.7,3,No,39.67,Fail,Low
92.32,7.3,53.87,8.16,Medium,10.06,5.54,8,No,58.53,Pass,Medium
61.9,7.66,26.77,9.8,Medium,7.86,6.51,4,No,55.34,Pass,Medium
73.41,1.59,68.55,6.59,Low,2.74,3.3,1,No,32.71,Fail,Low
49.42,6.1,90.48,4.73,Medium,3.29,5.44,2,No,52.99,Pass,Medium
43.17,1.35,90.63,7.19,Low,3.78,4.25,10,No,26.8,Fail,Low
62.46,7.51,72.72,2.55,High,1.4,7.53,2,No,72.13,Pass,High
54.73,6.57,36.9,9.18,Low,3.28,6.25,3,No,51.86,Pass,Medium
70.86,9.57,89.04,2.96,Medium,2.51,6.47,6,Yes,60.27,Pass,Medium
35.44,0.69,90.89,4.62,Low,5.46,5.99,8,No,25.6,Fail,Low
98.21,0.57,35.73,8.53,Low,10.9,9.69,1,No,28.04,Fail,Low
99.03,2.82,78.99,6.78,High,1.25,4.5,9,No,62.09,Pass,Medium
78.87,2.62,42.92,5.15,Low,8.64,6.62,1,No,22.06,Fail,Low
67.53,2.47,84.21,5.79,Low,8.25,8.15,10,No,40.95,Fail,Medium
51.67,9.06,99.78,8.84,Medium,1.15,6.9,2,No,86.06,Pass,High
86.97,2.5,22.4,4.72,Low,11.07,9.5,3,No,28.0,Fail,Low
77.93,2.72,91.79,8.96,Low,6.82,5.65,7,No,54.16,Pass,Medium
41.38,7.59,69.81,2.71,High,4.36,6.25,9,Yes,61.9,Pass,Medium
93.76,4.5,97.87,8.21,High,9.08,3.62,3,No,62.65,Pass,Medium
87.58,7.77,57.2,8.78,High,3.09,7.26,8,No,76.72,Pass,High
96.49,0.65,87.79,3.45,High,8.32,5.02,9,No,37.32,Fail,Low
80.8,4.88,24.99,5.44,Medium,0.48,4.12,10,No,50.93,Pass,Medium
72.94,0.34,46.82,3.32,Low,10.07,6.81,7,Yes,24.73,Fail,Low
59.28,0.63,25.36,7.65,High,5.38,6.73,4,Yes,40.69,Fail,Medium
95.29,9.06,98.03,6.28,High,7.64,3.53,4,No,79.55,Pass,High
90.62,1.39,85.36,7.08,High,2.65,7.89,4,No,61.39,Pass,Medium
33.17,5.32,88.2,3.57,Medium,8.12,7.37,6,Yes,38.82,Fail,Low
31.85,4.11,95.04,3.69,Low,9.27,4.32,4,Yes,22.6,Fail,Low
56.35,3.47,26.81,2.33,High,5.68,6.29,5,No,29.58,Fail,Low
86.74,9.0,50.85,4.58,Medium,7.41,8.04,9,Yes,59.52,Pass,Medium
99.11,0.22,25.68,6.48,High,5.48,6.71,7,Yes,54.48,Pass,Medium
40.53,6.64,36.86,8.86,Low,10.73,5.77,8,Yes,43.15,Fail,Medium
71.59,9.63,38.35,7.34,Low,5.97,5.26,5,No,57.56,Pass,Medium
56.66,5.6,57.53,5.48,Low,10.1,7.27,5,No,47.99,Fail,Medium
97.89,9.37,41.48,9.62,High,9.62,9.57,7,Yes,96.11,Pass,High
88.95,0.52,28.08,7.75,Low,4.93,7.7,8,No,52.46,Pass,Medium
88.68,4.19,33.4,9.44,Low,2.76,3.52,9,Yes,52.8,Pass,Medium
62.81,2.6,31.78,6.22,High,4.87,6.22,2,Yes,40.3,Fail,Medium
59.04,7.31,97.85,4.07,Low,9.91,9.24,3,Yes,52.29,Pass,Medium
49.14,9.81,80.74,2.42,High,2.73,3.66,2,Yes,69.62,Pass,High
33.95,2.57,97.42,7.81,Medium,6.29,9.92,10,Yes,49.44,Fail,Medium
90.53,6.54,55.18,2.97,High,9.67,9.64,7,Yes,55.43,Pass,Medium
86.9,1.98,42.27,4.42,Medium,4.24,3.55,2,No,29.0,Fail,Low
99.98,5.65,83.86,6.26,High,7.71,9.53,2,No,75.81,Pass,High
99.76,4.64,46.1,6.52,High,2.95,5.54,2,No,64.49,Pass,Medium
68.88,9.72,43.95,6.8,Low,1.31,8.91,4,No,66.31,Pass,High
83.83,6.09,38.6,3.33,Low,9.53,5.93,1,Yes,33.73,Fail,Low
96.13,3.5,30.37,5.04,Low,1.19,6.09,2,No,40.61,Fail,Medium
89.48,1.14,40.52,6.94,Medium,3.26,7.44,3,Yes,48.79,Fail,Medium
47.31,1.51,48.43,9.76,High,10.26,8.42,7,No,39.08,Fail,Low
61.54,2.25,73.92,7.82,Medium,4.16,3.24,10,Yes,40.27,Fail,Medium
39.04,2.51,25.01,9.38,Medium,11.68,7.15,1,No,35.13,Fail,Low
96.78,8.51,36.84,8.1,Low,11.76,4.31,6,No,57.92,Pass,Medium
72.43,5.61,84.72,6.73,High,3.22,5.42,3,Yes,64.06,Pass,Medium
46.0,5.23,31.75,3.54,High,0.49,5.44,3,No,46.96,Fail,Medium
77.02,1.15,47.41,7.33,Low,8.46,6.28,4,Yes,24.82,Fail,Low
73.27,8.6,89.17,6.99,Medium,5.41,5.34,4,No,72.7,Pass,High
55.07,7.23,32.39,6.82,Low,1.21,3.75,7,No,48.05,Fail,Medium
37.95,0.68,26.62,5.92,Medium,8.49,4.02,3,Yes,18.98,Fail,Low
77.01,7.08,58.76,6.23,Medium,0.37,3.23,8,Yes,56.18,Pass,Medium
66.42,5.44,44.19,4.68,Low,10.44,6.29,8,Yes,39.99,Fail,Low
84.06,0.82,65.07,6.15,Medium,1.66,9.68,7,No,48.18,Fail,Medium
66.41,4.58,84.3,3.58,Low,1.53,3.81,2,Yes,36.3,Fail,Low
89.65,4.85,30.97,8.44,Medium,2.11,9.62,5,No,66.71,Pass,High
68.63,1.66,66.46,3.49,Medium,11.52,8.13,6,No,28.68,Fail,Low
69.27,9.46,60.44,2.68,Low,8.32,7.46,10,Yes,58.64,Pass,Medium
91.37,8.5,31.53,5.49,High,9.62,7.52,4,No,71.59,Pass,High
58.24,6.69,69.92,7.27,Medium,4.77,8.79,10,No,69.34,Pass,High
39.38,4.62,41.89,5.5,Medium,4.04,3.75,5,Yes,29.42,Fail,Low
32.01,4.12,59.03,4.21,Low,2.81,6.53,9,Yes,31.45,Fail,Low
82.86,6.51,26.58,6.47,High,5.77,7.88,7,No,66.47,Pass,High
73.42,5.45,56.77,4.78,High,6.62,7.11,2,Yes,56.85,Pass,Medium
79.29,0.62,44.52,9.46,Low,7.58,8.83,1,Yes,32.03,Fail,Low
44.91,5.13,85.79,9.38,Low,3.09,3.51,2,Yes,48.48,Fail,Medium
39.55,8.06,24.56,6.02,Low,11.38,7.83,3,No,36.82,Fail,Low
31.02,4.59,53.49,4.62,Medium,2.04,6.74,2,No,37.19,Fail,Low
54.54,0.52,56.67,7.9,Low,11.59,5.65,3,No,13.39,Fail,Low
71.29,7.86,78.0,2.29,Medium,0.18,5.38,10,Yes,56.69,Pass,Medium
57.46,2.01,65.94,5.8,Medium,5.77,7.35,9,No,28.72,Fail,Low
60.62,2.59,73.38,4.69,Medium,4.0,9.24,4,No,42.44,Fail,Medium
93.29,1.65,82.16,9.36,Medium,5.39,6.47,9,Yes,51.81,Pass,Medium
54.38,3.3,88.98,2.1,Medium,6.85,8.77,3,Yes,46.48,Fail,Medium
65.98,7.57,45.11,6.42,Medium,5.23,5.82,1,No,56.25,Pass,Medium
84.86,5.19,63.04,7.93,Low,4.98,3.72,5,No,46.01,Fail,Medium
57.76,2.05,87.21,5.88,Low,8.79,3.43,10,No,39.34,Fail,Low
73.55,8.78,99.16,2.68,High,8.23,3.36,10,No,74.12,Pass,High
90.37,8.8,91.16,9.78,Low,10.0,5.66,2,No,75.85,Pass,High
96.47,8.71,49.72,6.14,Medium,3.0,5.36,4,Yes,65.33,Pass,High
40.3,2.39,35.61,6.91,High,7.31,8.03,2,No,38.25,Fail,Low
94.86,4.51,59.15,3.89,Low,7.02,8.2,2,No,49.51,Fail,Medium
64.45,9.85,79.33,5.87,Medium,4.44,3.36,3,No,73.13,Pass,High
48.08,7.72,59.41,5.43,Medium,5.83,4.55,5,Yes,42.01,Fail,Medium
62.14,0.27,58.65,2.6,High,3.77,4.92,4,No,27.9,Fail,Low
98.6,0.65,87.06,2.85,High,1.7,6.83,2,No,43.24,Fail,Medium
64.48,4.64,48.91,8.7,Medium,2.57,4.01,10,Yes,66.51,Pass,High
53.01,9.09,88.78,3.92,Low,1.27,3.94,2,Yes,57.08,Pass,Medium
74.34,5.39,52.54,3.56,Medium,8.2,9.61,6,No,52.13,Pass,Medium
46.81,4.98,46.26,6.04,Medium,7.93,8.63,7,Yes,45.74,Fail,Medium
35.31,1.05,56.32,8.15,Medium,11.41,4.26,10,No,28.73,Fail,Low
39.02,6.57,81.0,2.5,Low,8.76,5.85,6,No,30.27,Fail,Low
38.96,8.22,30.08,6.61,Low,0.62,5.49,7,Yes,48.59,Fail,Medium
40.63,3.8,35.71,2.95,High,10.61,8.54,1,No,27.27,Fail,Low
39.72,7.76,96.12,2.29,Medium,10.35,6.57,6,No,41.69,Fail,Medium
74.86,9.64,34.04,2.42,Low,5.32,3.89,3,No,42.2,Fail,Medium
42.73,2.04,65.42,8.67,Medium,7.03,8.17,1,Yes,34.58,Fail,Low
54.2,5.23,66.35,2.94,High,11.71,5.78,8,No,39.38,Fail,Low
92.78,2.87,59.17,2.36,Medium,6.39,4.84,4,Yes,37.03,Fail,Low
63.18,7.93,71.58,5.5,Low,10.86,5.63,10,Yes,50.1,Pass,Medium
76.73,5.78,38.39,8.75,Low,1.0,6.48,8,Yes,56.35,Pass,Medium
42.06,6.35,64.21,4.1,Low,2.29,5.4,10,Yes,40.83,Fail,Medium
43.46,7.98,49.77,5.37,High,5.29,4.69,4,No,54.47,Pass,Medium
32.86,3.96,72.93,2.32,Medium,7.02,5.79,4,No,31.83,Fail,Low
41.83,9.15,31.3,5.59,Medium,9.79,3.13,10,No,51.62,Pass,Medium
49.5,5.33,65.67,6.62,Medium,11.86,8.41,4,Yes,34.29,Fail,Low
42.39,1.58,34.82,6.57,Medium,4.67,4.2,6,Yes,31.69,Fail,Low
36.21,6.96,42.29,4.66,High,0.57,3.31,9,No,57.53,Pass,Medium
38.44,7.93,37.5,4.52,Medium,9.61,7.58,5,Yes,46.74,Fail,Medium
62.25,3.17,34.63,2.85,Low,7.25,8.42,10,No,36.05,Fail,Low
44.44,8.57,86.06,4.93,Low,2.38,8.7,8,No,57.49,Pass,Medium
55.5,9.06,42.86,2.8,Medium,5.94,6.45,8,No,51.39,Pass,Medium
65.24,2.77,94.17,8.13,High,8.91,4.44,4,Yes,60.38,Pass,Medium
78.33,9.84,97.59,9.73,Low,9.24,8.16,10,No,90.61,Pass,High
32.75,1.41,65.7,9.76,High,6.0,7.9,9,Yes,47.19,Fail,Medium
85.96,2.02,31.44,8.92,High,3.66,4.72,9,Yes,58.97,Pass,Medium
73.95,1.84,49.96,6.81,Low,11.68,9.32,5,No,35.39,Fail,Low
35.72,8.94,83.82,7.61,Low,7.96,3.73,6,No,62.29,Pass,Medium
91.15,6.54,49.39,4.28,Low,4.9,9.88,5,No,57.04,Pass,Medium
94.46,1.52,26.96,7.05,Medium,3.37,9.02,3,No,38.01,Fail,Low
34.28,4.4,64.54,5.65,Low,8.77,7.82,8,No,31.6,Fail,Low
49.38,6.15,87.61,5.86,Medium,2.91,9.57,9,Yes,79.22,Pass,High
86.43,0.83,83.67,8.06,Medium,2.06,8.06,4,No,45.78,Fail,Medium
82.38,8.82,34.01,4.26,Medium,6.36,4.33,9,Yes,59.61,Pass,Medium
42.92,8.04,73.82,4.54,Low,3.48,6.1,9,Yes,65.53,Pass,High
44.65,5.05,37.64,9.4,Medium,7.55,3.5,7,No,39.62,Fail,Low
55.93,9.67,37.46,2.45,Medium,1.42,5.73,8,No,43.12,Fail,Medium
63.92,4.18,89.93,5.89,Medium,7.86,8.19,3,No,34.01,Fail,Low
73.28,9.84,39.97,9.3,High,3.4,5.71,5,Yes,75.98,Pass,High
55.82,6.68,41.06,6.88,Low,0.0,5.31,3,Yes,39.83,Fail,Low
62.38,6.35,20.05,6.37,High,1.52,7.17,7,Yes,66.02,Pass,High
82.32,1.66,89.65,4.0,Medium,11.2,9.11,6,Yes,40.82,Fail,Medium
32.57,8.82,83.41,4.75,Medium,10.41,3.33,3,Yes,32.86,Fail,Low
47.67,4.27,70.19,8.82,Medium,2.8,5.7,9,No,46.54,Fail,Medium
79.93,1.62,80.02,6.47,Medium,9.34,4.11,1,No,41.41,Fail,Medium
92.66,0.13,32.16,6.12,Low,7.3,7.87,10,Yes,34.81,Fail,Low
65.82,5.6,56.67,2.8,Medium,11.65,3.74,3,No,39.82,Fail,Low
67.25,5.27,48.1,2.13,Medium,4.48,7.65,10,Yes,52.59,Pass,Medium
37.5,7.19,27.5,9.71,Medium,8.18,5.0,7,No,43.47,Fail,Medium
61.32,8.9,58.89,5.02,Low,0.76,4.39,3,Yes,60.28,Pass,Medium
67.28,0.79,93.66,6.83,High,4.75,9.55,3,No,53.35,Pass,Medium
46.97,7.31,23.2,2.64,Medium,11.57,3.13,2,No,15.56,Fail,Low
48.85,1.87,43.32,7.46,Low,6.47,6.06,9,No,23.88,Fail,Low
56.41,8.58,36.6,9.46,Medium,3.45,3.15,4,Yes,73.97,Pass,High
31.4,8.19,39.05,6.61,High,1.44,6.39,10,No,59.3,Pass,Medium
52.55,5.41,92.67,3.01,High,8.44,6.51,6,Yes,51.86,Pass,Medium
44.8,7.1,57.45,6.65,Medium,7.74,5.25,2,Yes,44.51,Fail,Medium
52.92,3.14,57.3,8.13,High,4.49,3.93,9,Yes,52.55,Pass,Medium
38.38,4.71,80.85,5.25,Low,11.41,5.63,7,No,31.37,Fail,Low
92.34,8.22,32.36,9.04,Medium,0.27,7.71,10,No,86.41,Pass,High
71.55,4.59,58.98,7.19,High,3.64,8.48,5,Yes,67.11,Pass,High
77.54,3.58,54.4,9.19,High,11.05,6.72,7,No,56.41,Pass,Medium
85.24,4.94,67.75,6.99,Medium,3.85,7.13,4,No,54.15,Pass,Medium
64.89,8.28,99.96,3.05,High,3.03,4.4,10,No,68.54,Pass,High
36.08,3.35,81.56,4.48,Low,6.41,5.01,7,Yes,21.22,Fail,Low
67.6,1.74,51.83,3.61,High,9.89,4.13,2,No,25.95,Fail,Low
71.08,7.12,86.2,9.27,Low,1.24,4.75,7,No,59.67,Pass,Medium
82.18,8.26,33.66,8.08,Low,11.32,4.57,4,No,52.6,Pass,Medium
60.22,1.01,22.44,7.41,Low,9.54,6.64,4,No,22.09,Fail,Low
38.93,2.4,36.36,4.41,Medium,2.18,6.94,1,Yes,31.04,Fail,Low
49.86,1.42,47.23,3.47,Low,8.54,9.61,3,Yes,11.25,Fail,Low
55.42,3.48,60.85,8.05,Low,4.62,4.37,5,Yes,33.2,Fail,Low
75.21,4.5,69.21,5.79,Low,4.83,7.49,5,Yes,55.89,Pass,Medium
69.95,7.49,92.85,3.81,Low,9.4,8.72,2,No,42.76,Fail,Medium
54.93,6.51,60.79,6.93,Medium,11.55,6.92,4,Yes,57.74,Pass,Medium
99.06,6.21,60.1,2.32,Medium,1.52,4.79,1,No,47.94,Fail,Medium
72.4,3.52,24.02,4.61,Low,5.05,4.84,9,Yes,29.19,Fail,Low
46.61,8.41,22.79,5.75,Medium,5.77,3.27,1,No,46.71,Fail,Medium
37.12,4.71,64.09,3.18,High,4.52,5.14,6,No,44.53,Fail,Medium
40.7,9.79,55.05,9.88,High,4.36,8.21,7,No,87.25,Pass,High
47.22,6.34,87.13,3.67,Low,0.63,3.33,3,No,33.09,Fail,Low
41.25,1.26,32.85,3.04,Medium,8.23,4.54,1,No,12.43,Fail,Low
43.06,6.76,22.0,3.63,Low,5.23,7.94,7,Yes,36.37,Fail,Low
49.96,3.25,55.92,8.15,Low,2.34,8.48,3,No,35.81,Fail,Low
42.14,6.86,39.0,5.4,Low,9.79,6.19,10,No,49.4,Fail,Medium
92.77,0.7,23.97,6.52,High,9.63,7.89,6,No,41.89,Fail,Medium
35.62,1.75,77.97,2.17,Low,5.84,5.72,6,No,18.22,Fail,Low
66.72,8.56,28.93,2.28,Low,3.58,4.12,4,No,44.87,Fail,Medium
58.73,2.27,68.67,5.57,Low,7.66,5.79,6,Yes,21.57,Fail,Low
98.77,8.37,42.48,8.53,High,3.46,7.06,10,No,79.65,Pass,High
37.84,2.79,33.88,9.08,Medium,2.83,9.64,4,Yes,39.87,Fail,Low
57.85,6.43,50.38,2.69,Low,8.77,3.48,8,Yes,35.89,Fail,Low
97.86,6.94,84.12,6.31,Medium,0.48,6.55,9,No,84.86,Pass,High
90.59,5.13,51.37,9.31,Medium,1.14,5.3,2,No,58.04,Pass,Medium
87.2,3.05,80.06,5.1,Medium,0.08,6.56,7,Yes,50.69,Pass,Medium
48.05,2.13,30.04,8.64,Low,1.84,3.17,9,No,36.87,Fail,Low
41.96,0.33,81.82,3.07,High,0.83,5.19,9,No,35.81,Fail,Low
76.81,3.04,38.95,9.48,Low,11.95,8.74,5,No,29.75,Fail,Low
95.06,6.53,74.19,8.01,Medium,3.47,6.88,1,No,63.15,Pass,Medium
68.97,9.38,65.26,9.53,Low,1.79,6.15,6,No,72.89,Pass,High
70.01,8.71,94.33,7.41,Medium,2.89,5.0,8,Yes,75.06,Pass,High
49.6,7.66,50.99,4.91,Medium,11.23,5.09,1,No,39.54,Fail,Low
83.86,7.88,25.29,9.51,Medium,6.24,5.68,2,Yes,55.06,Pass,Medium
43.09,6.65,21.53,4.2,Low,4.38,8.85,1,Yes,33.27,Fail,Low
52.66,2.6,86.15,4.66,High,10.48,9.77,5,No,47.8,Fail,Medium
59.78,9.07,61.98,7.61,Low,4.74,6.07,2,No,43.23,Fail,Medium
65.53,6.71,82.02,8.12,Medium,4.02,5.75,10,Yes,67.01,Pass,High
46.97,5.6,38.75,9.44,High,2.49,8.93,10,Yes,58.17,Pass,Medium
38.04,1.11,47.61,3.64,Medium,4.53,5.99,4,No,19.88,Fail,Low
72.74,4.47,22.41,8.38,Medium,3.8,6.86,1,No,38.85,Fail,Low
50.2,4.6,96.92,7.91,Medium,8.13,4.62,7,No,51.27,Pass,Medium
70.69,8.65,73.43,2.51,Medium,3.47,8.2,8,Yes,73.05,Pass,High
40.81,5.47,94.66,5.1,High,6.93,6.72,5,No,47.42,Fail,Medium
63.68,3.8,41.24,4.26,Low,0.79,8.66,2,Yes,32.69,Fail,Low
67.28,9.77,68.92,4.44,Medium,2.3,8.47,8,Yes,70.04,Pass,High
33.63,1.11,74.28,9.86,Medium,4.89,4.51,1,No,34.08,Fail,Low
53.56,4.23,45.4,7.14,Medium,11.24,8.01,7,No,34.97,Fail,Low
39.41,0.42,87.85,7.74,Low,4.53,8.6,1,Yes,26.84,Fail,Low
34.44,7.4,95.77,9.81,Medium,7.97,5.42,6,Yes,56.92,Pass,Medium
99.3,9.18,90.79,5.02,High,3.06,4.21,6,No,80.59,Pass,High
52.56,2.8,79.13,8.41,High,1.52,3.02,5,Yes,54.78,Pass,Medium
86.69,8.58,42.2,5.48,Medium,0.7,6.16,2,Yes,68.38,Pass,High
47.82,2.92,42.53,8.96,Medium,3.66,5.47,2,Yes,30.86,Fail,Low
77.71,9.11,97.07,3.45,High,1.89,6.88,9,Yes,83.09,Pass,High
83.22,7.54,20.82,9.58,Low,2.09,4.32,5,Yes,77.74,Pass,High
71.69,8.05,77.28,3.75,Low,9.13,9.02,5,No,61.47,Pass,Medium
63.01,0.18,76.5,4.61,Medium,0.19,4.8,7,No,32.83,Fail,Low
58.83,9.63,69.82,8.05,High,6.69,4.59,6,No,74.47,Pass,High
54.42,7.27,99.21,5.15,High,4.55,6.36,2,No,62.87,Pass,Medium
95.07,3.05,44.95,6.87,Medium,6.08,6.49,1,No,47.64,Fail,Medium
88.14,8.29,47.2,5.56,Low,6.75,4.51,5,No,53.13,Pass,Medium
97.55,2.82,26.32,7.94,Medium,3.76,4.9,4,No,46.44,Fail,Medium
38.7,8.73,55.42,3.83,Low,3.54,4.19,3,Yes,38.58,Fail,Low
81.16,1.13,40.88,2.47,Low,8.8,8.03,2,No,24.83,Fail,Low
95.68,7.04,47.47,4.4,High,10.46,8.39,10,Yes,67.94,Pass,High
42.69,5.41,86.77,5.79,Low,2.31,6.24,2,No,45.45,Fail,Medium
34.65,0.97,94.84,3.34,High,1.17,8.0,4,No,44.23,Fail,Medium
81.88,2.42,34.86,4.84,Medium,10.77,8.15,2,No,37.52,Fail,Low
70.21,0.12,49.8,5.2,Medium,4.2,3.97,4,No,32.75,Fail,Low
88.93,4.69,94.29,2.46,Low,6.62,9.76,3,Yes,53.82,Pass,Medium
39.78,3.01,24.94,6.67,Low,4.31,8.75,9,Yes,41.6,Fail,Medium
85.67,5.98,27.39,9.07,Low,1.51,4.43,7,Yes,53.3,Pass,Medium
44.11,2.97,33.02,3.21,High,7.07,4.3,3,Yes,24.44,Fail,Low
41.46,3.0,67.62,6.78,High,6.3,3.88,8,Yes,47.55,Fail,Medium
41.5,7.43,32.04,7.32,Medium,2.44,3.97,9,Yes,49.02,Fail,Medium
87.02,0.48,97.45,5.35,Low,5.42,8.24,7,Yes,40.1,Fail,Medium
76.56,9.03,55.74,7.61,High,9.56,6.29,6,No,72.92,Pass,High
66.61,8.52,60.12,5.29,Low,7.09,8.48,4,Yes,53.69,Pass,Medium
55.12,6.68,39.73,6.04,Low,1.16,8.22,5,Yes,50.98,Pass,Medium
91.4,5.93,57.68,2.06,Medium,6.58,7.23,8,Yes,46.2,Fail,Medium
57.47,8.92,72.95,7.53,High,8.43,7.8,3,No,68.95,Pass,High
87.16,1.85,80.09,7.29,Low,9.51,3.13,2,Yes,34.92,Fail,Low
60.74,0.79,80.31,2.31,Low,7.55,5.18,3,No,26.1,Fail,Low
56.39,2.4,66.23,4.95,High,1.83,7.46,7,Yes,47.57,Fail,Medium
62.39,7.95,92.35,9.83,Low,8.52,3.07,8,No,59.8,Pass,Medium
51.1,0.35,85.39,5.37,Low,8.13,3.23,1,No,20.26,Fail,Low
82.33,5.83,80.56,6.02,Medium,0.29,8.96,7,Yes,52.72,Pass,Medium
65.19,9.95,24.45,9.28,High,4.94,7.79,9,Yes,78.37,Pass,High
46.25,8.56,20.55,7.74,Medium,4.0,4.86,3,No,49.32,Fail,Medium
92.97,5.21,37.0,6.66,High,8.03,7.82,3,No,59.53,Pass,Medium
56.87,0.64,73.08,8.38,Medium,2.59,8.55,8,No,53.1,Pass,Medium
68.05,8.31,52.9,8.91,Low,7.09,5.15,4,No,66.22,Pass,High
93.45,5.99,52.19,5.66,High,10.96,3.25,8,No,59.0,Pass,Medium
73.7,1.15,90.77,5.8,Medium,9.57,9.53,5,No,32.46,Fail,Low
38.18,0.94,91.65,5.09,Low,11.06,5.42,3,Yes,13.73,Fail,Low
95.79,9.1,92.73,9.73,Medium,11.74,3.75,4,Yes,72.52,Pass,High
73.94,6.69,45.11,7.58,Low,0.13,6.44,4,No,60.28,Pass,Medium
53.44,8.29,75.28,2.67,Low,7.47,8.38,8,No,50.52,Pass,Medium
39.75,8.79,41.73,8.9,Low,4.95,4.55,6,No,49.98,Fail,Medium
85.58,5.72,35.25,5.84,Medium,10.32,4.89,7,No,40.74,Fail,Medium
73.41,5.17,34.77,2.55,High,3.02,4.7,9,No,45.98,Fail,Medium
67.34,4.3,47.37,6.4,Medium,11.77,9.94,6,No,38.81,Fail,Low
92.57,3.17,54.4,5.34,High,7.36,4.38,3,No,56.31,Pass,Medium
85.2,4.35,86.48,9.02,Low,9.52,7.03,3,Yes,48.39,Fail,Medium
40.62,7.74,29.59,3.63,Low,1.03,9.48,3,No,43.57,Fail,Medium
51.82,6.02,78.79,8.61,Low,2.2,4.03,10,Yes,63.44,Pass,Medium
47.39,8.93,62.52,6.46,Low,9.1,9.8,2,Yes,52.74,Pass,Medium
82.08,4.43,43.04,2.44,Low,0.26,9.63,1,No,35.44,Fail,Low
32.35,6.07,59.43,9.77,High,9.8,9.19,10,No,66.62,Pass,High
69.89,6.31,44.0,6.1,High,0.17,4.5,1,Yes,60.75,Pass,Medium
83.37,5.92,67.69,4.33,High,7.89,7.44,4,Yes,46.77,Fail,Medium
91.37,7.03,54.71,5.76,Low,4.38,8.33,3,No,64.89,Pass,Medium
53.95,2.37,33.15,8.86,High,7.34,9.9,5,No,51.3,Pass,Medium
87.49,5.12,29.33,4.44,Low,8.35,4.26,9,No,41.96,Fail,Medium
37.74,1.04,63.74,3.54,Low,4.11,8.36,8,Yes,32.59,Fail,Low
89.25,3.85,92.19,3.03,High,1.3,5.37,9,Yes,67.53,Pass,High
38.92,4.88,47.52,4.38,Medium,0.84,4.23,5,Yes,44.36,Fail,Medium
57.81,6.52,78.64,8.24,Low,7.07,5.95,8,No,61.41,Pass,Medium
85.81,9.51,72.69,5.77,Medium,6.25,8.56,4,No,76.51,Pass,High
40.49,6.01,94.52,3.82,Low,8.91,6.25,5,Yes,28.2,Fail,Low
46.05,7.44,85.68,3.33,Medium,6.12,6.76,3,Yes,39.47,Fail,Low
80.56,5.06,65.33,4.66,Medium,5.07,9.97,5,Yes,59.76,Pass,Medium
80.4,6.34,72.56,9.52,High,4.78,5.79,3,No,78.79,Pass,High
74.88,0.71,91.87,4.74,Low,0.32,7.31,5,Yes,36.27,Fail,Low
78.58,2.54,51.96,9.9,Medium,4.03,5.56,5,No,45.68,Fail,Medium
67.99,3.62,46.14,5.88,Medium,11.71,5.75,6,No,37.02,Fail,Low
47.63,4.72,20.86,3.43,Medium,10.48,7.87,9,No,23.1,Fail,Low
54.2,0.46,86.12,9.13,Low,3.95,9.57,1,No,36.51,Fail,Low
42.71,1.4,84.08,5.68,Medium,7.05,6.8,10,Yes,34.36,Fail,Low
93.59,2.77,28.36,7.68,High,10.17,8.38,6,No,50.26,Pass,Medium
70.84,9.72,66.15,9.87,High,5.3,3.62,1,No,86.85,Pass,High
58.06,3.31,57.12,2.4,High,0.22,4.48,6,Yes,39.84,Fail,Low
62.34,4.82,29.5,2.77,High,0.89,6.51,2,No,44.32,Fail,Medium
96.31,1.96,98.45,7.76,Medium,6.12,3.14,8,No,47.82,Fail,Medium
40.73,6.11,37.18,4.25,High,11.63,4.77,3,Yes,39.95,Fail,Low
71.04,2.81,25.38,3.47,Low,8.32,6.62,10,No,27.2,Fail,Low
65.41,2.07,67.59,2.31,Medium,0.85,3.1,6,No,39.99,Fail,Low
72.8,5.17,79.11,2.17,Low,2.27,4.85,6,No,30.63,Fail,Low
31.27,0.06,22.6,8.2,Medium,9.26,6.6,4,No,15.91,Fail,Low
91.05,0.08,72.7,3.08,Low,10.1,7.01,5,Yes,25.24,Fail,Low
95.25,2.19,62.58,5.74,High,7.41,9.48,2,Yes,56.46,Pass,Medium
69.56,0.37,28.26,6.85,Low,7.73,7.52,10,No,25.19,Fail,Low
78.77,1.08,33.8,5.43,Low,0.34,5.9,10,No,41.74,Fail,Medium
94.57,3.39,65.44,2.22,Medium,9.94,9.51,8,No,41.72,Fail,Medium
79.51,8.03,43.71,8.27,Low,9.46,8.49,10,Yes,63.94,Pass,Medium
40.68,5.72,95.07,2.08,Low,3.11,4.4,7,No,43.96,Fail,Medium
70.34,5.13,85.5,8.1,Low,8.5,3.92,10,Yes,48.12,Fail,Medium
72.47,2.93,98.69,9.15,Medium,2.58,7.73,6,Yes,65.94,Pass,High
59.69,9.32,40.77,5.46,Medium,0.48,6.92,7,Yes,67.87,Pass,High
81.55,3.97,97.58,6.28,High,2.41,8.53,1,Yes,62.74,Pass,Medium
95.41,0.87,54.5,5.82,Medium,2.14,8.17,5,Yes,42.71,Fail,Medium
94.79,6.17,47.8,5.11,Medium,4.05,7.38,7,Yes,50.03,Pass,Medium
61.56,1.14,24.03,9.1,Low,5.02,9.9,1,Yes,30.58,Fail,Low
37.93,3.45,24.22,9.15,Low,6.1,6.74,2,No,27.65,Fail,Low
98.94,5.07,75.36,4.69,High,5.72,3.79,9,No,67.93,Pass,High
88.72,8.74,56.63,6.92,Low,3.25,8.8,3,Yes,71.13,Pass,High
38.73,4.94,38.12,9.42,Low,0.35,4.76,6,No,51.08,Pass,Medium
94.46,7.02,69.12,9.7,High,7.26,8.44,7,No,87.89,Pass,High
90.89,9.93,40.23,6.07,Medium,4.75,9.7,9,No,94.94,Pass,High
66.32,1.31,66.21,5.62,Low,3.58,7.88,5,Yes,37.61,Fail,Low
71.39,2.75,48.74,4.23,Low,10.4,7.17,4,No,21.88,Fail,Low
57.93,3.95,85.88,9.67,High,8.96,6.22,2,No,59.64,Pass,Medium
33.83,4.22,85.66,3.14,High,10.29,5.55,3,Yes,42.5,Fail,Medium
53.46,4.11,58.19,6.64,Medium,5.94,5.47,5,No,44.63,Fail,Medium
86.2,9.08,48.07,4.26,Medium,1.57,7.45,2,No,54.39,Pass,Medium
30.32,7.14,49.0,4.23,Medium,8.35,8.26,4,No,42.35,Fail,Medium
53.34,6.08,84.46,5.24,High,2.47,7.75,1,Yes,55.81,Pass,Medium
57.87,3.09,46.25,9.99,High,5.29,4.39,4,Yes,43.19,Fail,Medium
67.62,8.24,36.72,2.44,Low,0.78,6.46,7,Yes,52.34,Pass,Medium
94.39,9.55,26.78,6.63,High,9.9,8.54,3,No,62.89,Pass,Medium
54.24,8.21,57.34,2.66,Low,1.51,6.33,10,Yes,58.7,Pass,Medium
54.29,0.02,58.57,3.24,Low,10.84,6.76,8,No,18.1,Fail,Low
81.63,6.36,87.27,5.52,Medium,10.37,8.4,6,Yes,58.64,Pass,Medium
61.66,0.51,37.7,6.08,Medium,5.57,7.63,6,Yes,27.57,Fail,Low
45.72,2.58,50.48,4.07,High,8.93,5.87,1,Yes,26.68,Fail,Low
61.67,0.6,84.67,4.53,Low,7.43,9.27,5,No,23.55,Fail,Low
39.86,6.04,85.89,2.7,Medium,9.64,4.14,3,No,33.41,Fail,Low
42.35,6.87,50.77,4.43,High,5.18,9.97,10,Yes,44.11,Fail,Medium
64.89,1.14,56.73,9.73,High,9.43,3.83,1,No,39.07,Fail,Low
59.32,3.84,44.26,9.56,Low,5.55,3.1,8,No,43.32,Fail,Medium
94.04,4.56,94.6,4.68,Medium,11.29,9.23,7,No,60.63,Pass,Medium
55.37,3.69,29.49,6.57,Medium,5.84,4.71,7,No,39.03,Fail,Low
70.64,1.21,94.7,9.28,Low,5.55,8.11,10,Yes,56.19,Pass,Medium
74.26,4.19,74.71,2.05,High,9.42,8.68,10,Yes,53.87,Pass,Medium
30.92,7.51,62.53,8.49,High,9.86,9.01,10,No,69.02,Pass,High
76.45,0.71,22.61,9.59,Low,6.65,9.94,4,Yes,49.31,Fail,Medium
42.46,0.8,58.05,2.73,Low,2.16,5.06,6,No,20.55,Fail,Low
97.27,3.55,52.62,3.29,Low,5.61,7.97,9,Yes,46.21,Fail,Medium
40.41,9.42,32.9,9.69,High,11.62,3.81,3,No,63.39,Pass,Medium
59.02,6.69,72.51,6.3,Low,9.04,5.85,9,Yes,47.64,Fail,Medium
35.97,6.79,97.69,2.11,Medium,9.73,8.94,4,No,41.33,Fail,Medium
99.78,3.62,64.98,4.06,Medium,0.39,5.57,5,Yes,56.37,Pass,Medium
65.15,5.94,77.18,5.6,Medium,5.61,7.14,7,No,56.76,Pass,Medium
71.68,0.1,25.48,7.54,Low,7.76,6.53,6,Yes,25.06,Fail,Low
34.7,6.36,53.41,7.87,Low,9.96,7.52,10,No,49.41,Fail,Medium
82.5,9.13,29.31,9.96,High,0.59,9.81,8,No,80.92,Pass,High
44.69,6.13,69.02,4.3,High,10.23,3.39,8,No,56.61,Pass,Medium
92.86,8.74,95.08,6.31,High,6.58,7.02,8,Yes,86.96,Pass,High
44.36,7.24,72.94,6.27,Low,2.37,9.04,3,No,51.26,Pass,Medium
43.35,1.21,26.14,5.25,Low,3.81,6.37,10,Yes,32.38,Fail,Low
32.56,9.02,48.37,3.35,Medium,3.38,3.55,6,Yes,47.25,Fail,Medium
63.04,0.66,64.05,9.82,Low,6.37,6.92,7,No,39.15,Fail,Low
69.54,5.34,52.26,8.83,High,0.62,5.32,9,No,69.07,Pass,High
34.6,1.42,86.69,5.99,Medium,1.9,4.08,10,No,45.72,Fail,Medium
84.29,0.12,85.17,6.83,Low,9.75,8.94,10,No,40.07,Fail,Medium
61.73,4.22,68.95,3.82,High,1.59,6.65,4,Yes,48.59,Fail,Medium
66.71,2.95,49.88,6.35,High,2.8,9.53,5,No,58.98,Pass,Medium
60.85,4.86,40.43,7.56,Low,5.44,8.64,8,Yes,54.06,Pass,Medium
58.05,5.77,28.47,6.12,Medium,6.21,7.85,1,No,50.61,Pass,Medium
69.17,0.44,48.39,9.92,Low,9.16,3.04,6,No,32.35,Fail,Low
40.87,1.23,53.05,6.89,Medium,5.37,5.99,4,No,34.6,Fail,Low
42.73,5.59,74.07,4.97,Low,9.48,4.38,5,Yes,32.16,Fail,Low
90.32,3.43,72.65,8.18,Medium,7.42,9.38,5,No,63.36,Pass,Medium
96.23,7.29,25.61,3.36,High,1.36,4.22,2,Yes,63.63,Pass,Medium
56.13,6.52,51.62,5.08,Medium,1.88,5.0,8,Yes,56.23,Pass,Medium
48.95,8.46,34.54,4.78,Low,5.24,6.62,2,Yes,34.59,Fail,Low
75.08,6.92,32.55,5.45,Medium,4.76,4.84,4,No,48.77,Fail,Medium
58.61,4.3,86.18,8.25,Low,8.92,4.47,5,Yes,42.91,Fail,Medium
31.78,6.73,23.35,5.87,High,6.97,7.19,1,Yes,44.77,Fail,Medium
40.93,2.75,53.53,8.35,Medium,4.66,3.62,6,Yes,50.1,Pass,Medium
80.12,3.06,33.46,6.61,Low,2.05,3.41,2,Yes,40.52,Fail,Medium
76.12,7.89,90.35,4.74,Low,2.72,5.61,5,No,56.99,Pass,Medium
31.9,4.46,64.56,8.48,High,6.91,8.04,6,No,49.17,Fail,Medium
45.54,7.98,38.51,3.91,Low,5.08,6.88,8,Yes,52.26,Pass,Medium
46.18,8.22,60.19,3.8,High,6.18,5.96,9,No,56.24,Pass,Medium
77.03,8.58,78.52,6.04,Low,2.05,6.96,6,No,73.52,Pass,High
31.38,9.17,96.65,4.09,Low,7.95,5.56,5,No,48.45,Fail,Medium
37.29,4.31,37.64,2.07,Medium,10.23,9.55,4,No,23.0,Fail,Low
85.99,3.19,90.89,7.19,High,3.1,3.38,2,Yes,55.81,Pass,Medium
42.5,5.82,94.74,6.09,High,5.9,7.71,2,No,39.8,Fail,Low
75.69,3.71,93.31,5.56,Low,11.71,9.24,7,Yes,47.57,Fail,Medium
46.67,6.01,70.83,9.74,Medium,4.0,8.63,5,Yes,55.81,Pass,Medium
36.96,7.06,70.39,6.57,Low,7.14,4.29,7,No,36.82,Fail,Low
47.02,6.88,52.26,8.91,Medium,1.08,5.07,1,No,56.89,Pass,Medium
80.56,3.75,80.19,3.12,Medium,7.27,8.02,1,Yes,46.96,Fail,Medium
89.9,1.67,62.5,6.55,High,1.08,3.59,5,No,44.17,Fail,Medium
88.12,4.31,74.2,8.94,High,11.51,8.68,2,No,66.35,Pass,High
57.8,1.43,54.28,6.66,Medium,8.59,8.03,8,No,30.86,Fail,Low
76.77,8.9,78.52,7.74,Medium,9.46,8.11,3,No,71.88,Pass,High
44.35,3.46,85.96,4.98,High,8.45,3.7,1,No,39.45,Fail,Low
50.52,1.54,31.71,2.74,High,7.08,8.02,2,No,23.37,Fail,Low
92.74,0.25,86.63,5.66,Low,5.4,7.76,10,Yes,44.07,Fail,Medium
30.91,6.46,63.22,5.16,Low,10.3,8.82,10,Yes,38.37,Fail,Low
35.99,6.37,87.57,8.94,Medium,11.48,3.29,7,Yes,50.24,Pass,Medium
44.55,3.41,54.5,3.95,Low,5.99,3.16,6,No,25.54,Fail,Low
31.86,0.72,50.32,9.73,Low,11.18,5.61,8,No,17.32,Fail,Low
42.7,4.1,93.2,9.67,Low,7.0,4.04,7,No,38.57,Fail,Low
70.81,3.11,40.09,3.98,Medium,6.46,6.91,10,No,45.18,Fail,Medium
59.5,6.77,87.54,4.78,Low,5.45,9.42,8,Yes,57.47,Pass,Medium
92.49,6.06,58.72,9.16,Low,2.51,5.74,3,Yes,67.2,Pass,High
87.22,3.65,61.13,9.73,Low,0.04,8.91,6,Yes,59.31,Pass,Medium
53.93,2.18,44.68,5.55,High,2.9,3.0,7,No,35.13,Fail,Low
48.16,9.88,65.84,4.57,High,6.12,4.18,10,No,61.75,Pass,Medium
56.58,4.54,46.02,6.21,Medium,4.56,3.21,1,No,36.07,Fail,Low
71.32,6.88,23.14,7.5,Medium,5.38,5.3,1,No,51.14,Pass,Medium
48.76,1.41,41.76,4.19,High,11.77,9.36,7,No,26.31,Fail,Low
73.69,4.86,20.51,7.89,Low,4.2,3.68,3,No,48.62,Fail,Medium
58.66,0.28,98.27,2.41,Low,5.43,7.24,3,No,19.24,Fail,Low
68.64,5.05,97.26,2.39,Low,1.6,6.16,5,No,48.22,Fail,Medium
60.53,9.64,51.61,5.09,Low,0.58,9.57,6,No,60.67,Pass,Medium
50.61,3.84,78.27,4.83,Medium,9.3,3.86,2,No,27.96,Fail,Low
96.39,0.39,47.66,4.53,High,6.85,4.48,3,No,36.05,Fail,Low
83.45,0.31,73.69,5.93,Medium,9.13,3.21,6,Yes,28.07,Fail,Low
39.81,3.88,84.43,4.57,Medium,1.8,6.04,3,Yes,40.94,Fail,Medium
90.79,1.6,95.74,3.54,High,6.86,4.94,5,Yes,49.46,Fail,Medium
64.12,0.23,52.02,4.48,Low,3.04,9.09,9,No,36.88,Fail,Low
92.62,7.56,82.66,9.8,Low,2.74,7.23,3,No,68.78,Pass,High
85.99,4.59,41.27,5.29,Medium,0.14,7.3,6,Yes,56.71,Pass,Medium
59.76,2.89,99.23,5.56,Medium,1.56,6.72,5,Yes,49.3,Fail,Medium
31.57,9.0,22.06,6.61,Low,3.71,3.64,5,Yes,33.55,Fail,Low
48.81,1.16,68.28,9.87,Medium,1.4,6.12,6,No,39.54,Fail,Low
67.91,9.56,72.76,3.93,Medium,11.83,10.0,6,Yes,63.66,Pass,Medium
74.34,3.14,75.04,7.45,Medium,3.7,8.85,1,Yes,43.93,Fail,Medium
48.05,8.88,29.63,7.73,Medium,1.56,9.25,9,Yes,67.41,Pass,High
39.75,6.03,95.08,6.86,Low,2.39,8.76,5,Yes,42.83,Fail,Medium
88.45,8.27,34.49,2.71,Low,7.05,3.72,1,No,41.72,Fail,Medium
98.91,9.84,69.82,7.41,Medium,0.77,4.59,8,Yes,74.55,Pass,High
66.8,2.88,37.81,2.51,Low,10.35,3.02,7,No,15.22,Fail,Low
42.02,9.61,44.58,6.77,High,11.54,5.12,7,No,56.25,Pass,Medium
49.06,3.89,63.72,7.92,Medium,2.96,3.76,5,No,45.9,Fail,Medium
31.29,3.86,53.38,3.69,Low,5.4,6.31,1,Yes,19.65,Fail,Low
94.0,3.4,32.82,8.73,High,0.27,7.74,9,Yes,62.88,Pass,Medium
38.24,5.41,33.67,2.24,Medium,7.69,9.12,9,Yes,28.03,Fail,Low
70.36,1.54,53.45,8.75,Low,4.97,8.24,8,Yes,34.63,Fail,Low
49.18,5.54,80.58,5.68,High,3.24,9.57,5,No,62.29,Pass,Medium
68.79,5.42,91.84,3.74,High,2.48,3.38,3,Yes,56.75,Pass,Medium
75.6,7.62,26.73,3.07,Medium,7.85,3.09,8,Yes,49.18,Fail,Medium
88.08,8.34,51.45,9.63,Low,4.99,7.63,1,No,64.26,Pass,Medium
44.45,4.4,28.02,2.58,Medium,2.16,5.03,3,No,19.36,Fail,Low
30.77,3.02,21.33,3.59,High,8.27,4.77,7,Yes,22.72,Fail,Low
39.58,2.59,72.94,4.78,Low,6.78,5.32,4,Yes,24.49,Fail,Low
93.0,1.95,68.2,6.96,Low,10.3,4.89,7,Yes,32.72,Fail,Low
91.17,0.58,33.04,6.36,High,1.41,6.58,5,No,41.64,Fail,Medium
71.82,3.42,38.71,3.01,Low,9.43,6.08,6,No,28.74,Fail,Low
72.04,2.7,21.9,4.32,High,8.08,6.59,7,No,38.68,Fail,Low
76.55,9.66,86.8,3.91,Medium,1.38,7.71,10,No,84.37,Pass,High
42.28,5.58,97.98,3.71,Medium,8.34,5.71,7,No,52.87,Pass,Medium
94.01,3.47,30.84,5.29,Low,5.3,4.76,7,Yes,32.12,Fail,Low
59.31,5.8,38.52,7.63,High,11.34,4.16,7,Yes,47.54,Fail,Medium
56.82,1.39,89.47,3.74,Medium,1.7,5.45,7,No,38.81,Fail,Low
66.32,4.44,94.12,4.93,Medium,7.71,8.19,3,No,49.85,Fail,Medium
33.29,6.26,53.57,5.13,Medium,4.58,8.3,3,Yes,48.38,Fail,Medium
41.64,4.89,24.05,9.81,Medium,11.48,7.67,7,No,45.4,Fail,Medium
81.66,4.02,23.15,9.64,High,3.96,4.64,2,No,61.42,Pass,Medium
35.8,9.94,65.92,8.4,Medium,11.55,7.12,2,Yes,56.73,Pass,Medium
72.22,8.8,51.43,3.93,Medium,10.82,6.99,3,No,48.0,Fail,Medium
47.17,6.23,22.29,2.54,High,3.24,6.39,4,Yes,52.92,Pass,Medium
57.25,5.69,66.66,4.54,Medium,9.64,6.85,6,No,44.65,Fail,Medium
50.21,6.21,20.9,4.13,Low,11.95,6.44,8,Yes,28.31,Fail,Low
54.9,2.01,82.99,6.05,Low,3.03,6.96,10,No,36.27,Fail,Low
80.33,3.95,44.51,8.22,High,5.24,8.01,10,No,65.23,Pass,High
50.8,0.39,23.22,8.87,Medium,6.24,3.77,7,Yes,32.49,Fail,Low
69.65,4.76,67.07,8.76,Medium,3.54,8.25,4,No,56.84,Pass,Medium
63.32,5.43,51.81,4.88,Medium,0.18,3.95,2,No,45.63,Fail,Medium
76.46,2.28,97.9,7.5,Low,2.64,3.47,2,No,45.22,Fail,Medium
95.58,9.64,63.54,4.5,Medium,3.38,9.83,4,Yes,78.2,Pass,High
81.28,9.09,42.02,2.49,Low,5.32,9.7,6,No,55.33,Pass,Medium
45.05,7.22,76.76,7.61,Medium,2.05,3.42,3,Yes,54.16,Pass,Medium
32.18,5.33,41.72,2.08,Medium,10.48,6.1,6,Yes,21.94,Fail,Low
48.36,8.7,92.34,5.27,Medium,8.46,4.3,5,Yes,49.67,Fail,Medium
71.66,1.31,49.98,4.64,Medium,1.02,6.4,5,Yes,33.31,Fail,Low
33.6,7.91,63.99,7.55,High,7.8,8.81,2,No,54.33,Pass,Medium
64.75,1.25,24.05,8.13,High,7.84,9.65,8,Yes,36.03,Fail,Low
71.78,7.94,54.09,4.43,Low,11.47,7.44,5,Yes,51.76,Pass,Medium
53.4,2.76,86.59,8.49,Low,0.04,5.48,2,No,46.7,Fail,Medium
83.96,8.77,84.45,4.35,Medium,2.98,7.22,7,No,73.57,Pass,High
37.46,9.44,37.95,5.57,High,11.13,5.18,9,No,62.29,Pass,Medium
35.26,1.49,38.09,7.82,High,11.19,9.37,9,Yes,39.65,Fail,Low
80.97,4.63,85.38,7.54,High,8.65,9.09,1,No,57.28,Pass,Medium
64.68,9.81,94.43,9.9,Low,9.19,6.91,7,Yes,79.8,Pass,High
78.19,4.83,27.63,3.8,Medium,1.1,5.27,9,No,53.79,Pass,Medium
60.44,8.64,56.0,7.3,Medium,6.17,5.05,6,No,55.44,Pass,Medium
47.25,5.89,47.0,6.88,Low,2.78,3.23,1,No,42.94,Fail,Medium
87.34,3.75,89.66,9.32,Low,2.17,8.71,2,Yes,58.41,Pass,Medium
85.96,2.86,26.68,3.25,High,9.72,6.15,4,Yes,41.25,Fail,Medium
78.63,2.03,36.89,8.01,Low,1.62,5.28,4,Yes,37.96,Fail,Low
49.05,7.62,80.2,6.55,Low,5.62,6.3,2,Yes,47.63,Fail,Medium
71.32,3.87,24.1,4.2,Low,11.26,8.73,8,Yes,28.43,Fail,Low
55.27,5.11,59.4,5.8,High,2.23,3.87,2,No,45.27,Fail,Medium
36.41,4.92,55.37,4.67,Medium,11.74,9.0,3,Yes,23.47,Fail,Low
94.21,5.77,46.75,6.63,Medium,11.93,9.28,4,No,40.48,Fail,Medium
39.58,8.66,51.57,9.11,High,6.67,9.63,9,Yes,67.05,Pass,High
96.52,9.81,62.4,6.55,Low,2.04,5.78,10,Yes,92.62,Pass,High
61.22,4.08,32.91,7.05,Medium,3.79,4.52,1,No,41.18,Fail,Medium
42.96,8.28,65.76,6.15,Low,5.09,5.62,8,No,63.15,Pass,Medium
67.93,7.65,84.43,2.41,Low,3.71,5.33,5,No,49.07,Fail,Medium
91.11,5.74,80.81,3.86,High,3.37,4.23,7,Yes,62.52,Pass,Medium
81.26,9.56,32.31,5.94,High,11.67,7.25,8,No,77.29,Pass,High
86.46,2.0,31.94,4.48,Medium,1.84,6.34,5,Yes,41.71,Fail,Medium
76.11,1.09,41.45,3.45,Medium,8.8,9.06,8,Yes,25.95,Fail,Low
78.46,8.54,48.89,6.03,Medium,0.0,3.22,10,No,73.52,Pass,High
89.44,4.39,52.68,4.58,Low,7.15,7.51,8,Yes,52.68,Pass,Medium
47.48,8.47,74.38,4.06,Low,10.99,8.34,9,Yes,41.68,Fail,Medium
64.26,8.93,24.53,5.71,Low,3.46,8.32,2,No,55.4,Pass,Medium
45.48,0.62,22.77,3.07,Low,2.23,9.2,3,No,7.97,Fail,Low
99.14,8.83,51.35,9.42,High,7.82,8.1,1,Yes,86.32,Pass,High
96.08,4.48,75.77,8.94,Low,8.55,9.49,4,No,59.81,Pass,Medium
32.76,5.1,35.47,7.66,Low,8.26,5.33,5,Yes,34.66,Fail,Low
79.39,6.27,71.32,2.85,Medium,3.83,6.52,1,No,49.03,Fail,Medium
94.77,9.26,40.79,8.21,High,3.03,3.1,8,No,72.36,Pass,High
42.64,0.19,90.89,8.46,Low,11.47,3.05,2,Yes,16.18,Fail,Low
69.76,4.77,91.66,8.14,Low,11.08,4.68,1,Yes,47.77,Fail,Medium
94.08,6.88,43.78,2.91,Medium,5.49,3.71,2,Yes,58.79,Pass,Medium
32.38,7.23,38.4,7.15,Medium,10.15,4.82,5,No,41.84,Fail,Medium
78.82,6.93,52.9,8.67,Medium,5.43,4.24,9,No,61.72,Pass,Medium
50.81,1.34,39.24,6.62,High,5.09,3.2,9,Yes,39.76,Fail,Low
94.71,2.99,73.79,7.17,High,1.88,9.37,2,Yes,69.57,Pass,High
97.97,3.59,86.09,5.67,High,5.12,3.06,2,Yes,57.19,Pass,Medium
96.1,8.04,73.85,6.23,Medium,6.45,8.15,3,Yes,70.04,Pass,High
63.19,2.79,85.95,2.28,Medium,0.27,4.07,7,Yes,42.19,Fail,Medium
90.34,2.11,51.76,7.11,Low,5.33,9.39,3,No,43.31,Fail,Medium
89.12,9.57,32.51,2.65,High,9.38,9.25,1,No,62.91,Pass,Medium
52.34,0.09,79.04,5.48,Medium,8.16,7.58,6,No,38.76,Fail,Low
88.02,9.98,48.84,4.34,Low,7.62,7.71,3,No,48.76,Fail,Medium
32.59,6.77,73.7,6.36,Medium,10.91,3.04,1,No,35.1,Fail,Low
71.74,8.28,41.65,3.07,Low,0.22,9.89,4,No,51.41,Pass,Medium
46.1,2.95,26.5,7.53,Medium,6.68,9.14,1,No,38.76,Fail,Low
38.44,0.14,99.41,8.36,Medium,9.45,9.27,1,Yes,30.36,Fail,Low
35.39,7.38,32.5,3.31,Medium,6.5,7.61,2,Yes,39.38,Fail,Low
78.74,8.34,99.07,2.83,High,3.89,5.41,10,Yes,82.66,Pass,High
53.79,7.4,98.18,3.16,Low,1.64,9.26,8,No,53.33,Pass,Medium
80.73,1.43,83.51,9.02,Medium,10.65,5.04,2,No,38.19,Fail,Low
34.57,7.53,72.75,6.23,Medium,5.65,6.94,2,Yes,56.95,Pass,Medium
52.07,7.69,66.22,5.74,Medium,10.54,3.7,10,No,45.41,Fail,Medium
67.76,6.59,89.29,2.85,High,7.03,9.45,10,No,62.62,Pass,Medium
85.35,7.66,43.16,7.2,Medium,8.09,3.99,8,Yes,52.34,Pass,Medium
52.31,8.46,57.41,8.94,Medium,9.65,4.57,6,Yes,65.56,Pass,High
73.81,6.14,69.55,8.63,Low,7.91,6.91,4,Yes,51.62,Pass,Medium
92.02,0.89,52.9,7.01,High,4.78,8.35,3,Yes,51.72,Pass,Medium
73.11,4.88,54.2,2.6,Medium,6.16,7.34,1,No,42.25,Fail,Medium
46.31,0.78,46.42,2.9,Medium,9.64,4.62,3,No,7.13,Fail,Low
31.71,4.08,65.14,2.39,Low,4.48,3.01,9,No,15.3,Fail,Low
90.91,4.07,88.05,4.06,Low,4.66,8.3,5,No,49.42,Fail,Medium
31.49,0.66,36.12,3.09,Medium,1.15,9.9,6,No,21.94,Fail,Low
91.23,3.49,94.75,4.08,High,10.98,8.67,5,No,54.27,Pass,Medium
67.03,1.11,75.13,5.08,Medium,1.09,6.22,1,No,36.39,Fail,Low
95.73,8.08,85.86,9.54,High,7.78,9.33,10,No,88.84,Pass,High
85.91,9.48,64.5,6.88,Medium,4.96,5.87,1,No,66.5,Pass,High
99.86,0.72,82.36,8.68,Medium,4.87,6.67,4,Yes,53.98,Pass,Medium
54.55,9.55,21.3,7.68,Low,8.15,6.34,3,No,45.75,Fail,Medium
83.7,5.23,85.47,2.9,High,0.81,6.13,8,Yes,64.99,Pass,Medium
58.14,3.0,23.21,7.89,Low,7.12,8.43,7,No,32.39,Fail,Low
63.59,0.77,91.19,4.2,High,9.26,6.69,7,Yes,40.27,Fail,Medium
73.93,5.01,99.36,7.11,High,9.94,5.22,8,Yes,68.89,Pass,High
91.16,7.95,43.53,4.73,High,2.05,4.81,10,No,79.71,Pass,High
98.89,7.07,36.83,9.98,Medium,10.77,3.26,7,Yes,69.97,Pass,High
83.78,0.5,81.23,4.11,Medium,7.87,7.08,10,Yes,37.72,Fail,Low
59.24,0.73,40.24,4.23,High,10.58,4.61,2,Yes,19.86,Fail,Low
59.49,4.03,89.24,9.45,Low,5.82,4.04,4,No,40.75,Fail,Medium
81.63,2.95,28.23,2.2,Medium,6.5,7.58,6,No,31.5,Fail,Low
46.71,2.32,30.08,7.57,Low,11.03,7.77,3,No,20.27,Fail,Low
37.73,2.81,98.33,7.8,Medium,10.8,8.27,3,No,34.99,Fail,Low
54.82,8.03,73.91,8.69,Low,5.38,6.53,6,Yes,58.03,Pass,Medium
50.11,9.29,87.75,9.8,Low,3.29,9.26,1,Yes,60.87,Pass,Medium
50.74,4.05,45.95,9.8,Medium,4.72,9.55,1,Yes,41.18,Fail,Medium
46.35,9.06,74.12,2.52,Medium,4.65,8.65,5,No,56.24,Pass,Medium
32.95,3.21,67.54,8.57,Medium,3.44,7.45,1,No,40.89,Fail,Medium
31.25,4.76,68.25,7.17,Low,3.22,5.13,10,Yes,46.05,Fail,Medium
99.14,2.26,74.6,7.18,Medium,10.33,9.88,8,Yes,52.85,Pass,Medium
59.94,6.4,66.03,3.03,Low,0.84,4.92,2,Yes,42.66,Fail,Medium
56.9,9.79,54.32,7.2,Medium,8.13,4.42,6,No,68.01,Pass,High
77.58,6.03,42.07,9.86,Medium,2.07,6.1,10,Yes,68.97,Pass,High
45.28,3.58,81.49,9.29,Medium,4.13,3.4,10,Yes,48.45,Fail,Medium
96.5,6.48,38.1,5.51,Medium,0.74,9.85,5,Yes,60.19,Pass,Medium
85.04,1.23,75.39,2.32,Low,3.24,7.12,10,No,41.96,Fail,Medium
36.26,8.89,38.67,4.9,High,9.22,6.9,4,No,41.94,Fail,Medium
59.23,5.03,70.03,8.61,Medium,10.62,7.59,1,Yes,42.42,Fail,Medium
91.54,4.49,79.77,7.61,Medium,2.66,6.48,3,No,64.32,Pass,Medium
96.13,5.86,37.5,5.67,Medium,5.56,3.22,4,No,41.18,Fail,Medium
62.72,6.25,24.8,2.44,Low,5.64,7.29,2,No,28.96,Fail,Low
72.94,0.72,30.48,5.42,Medium,10.48,8.01,2,Yes,23.91,Fail,Low
41.69,6.83,68.48,5.75,Medium,9.15,5.92,2,No,40.62,Fail,Medium
99.38,2.42,87.96,9.43,Low,6.16,8.3,1,No,48.49,Fail,Medium
46.22,7.14,23.6,7.13,Low,8.05,4.59,10,Yes,39.77,Fail,Low
95.99,8.23,78.73,4.49,Low,10.17,4.55,2,No,58.02,Pass,Medium
75.48,8.04,47.31,6.2,High,0.11,4.13,6,Yes,81.17,Pass,High
72.54,5.53,58.28,2.53,Medium,4.83,5.6,3,Yes,43.38,Fail,Medium
65.89,5.2,94.31,9.78,Low,10.89,8.93,10,Yes,49.52,Fail,Medium
46.15,1.43,46.56,4.88,Medium,8.88,8.8,5,Yes,28.23,Fail,Low
42.36,7.75,57.23,5.82,Medium,6.51,5.68,1,Yes,44.06,Fail,Medium
45.43,2.71,21.09,4.84,High,6.36,7.12,8,No,29.57,Fail,Low
43.05,4.97,26.53,7.46,Low,4.17,8.05,4,No,33.77,Fail,Low
84.57,2.84,40.69,7.3,Low,6.25,4.69,9,No,38.09,Fail,Low
54.51,1.34,22.23,7.72,High,7.86,4.18,4,Yes,23.67,Fail,Low
34.05,6.3,70.51,4.15,Low,5.02,9.8,2,No,38.91,Fail,Low
97.84,0.54,54.11,4.53,Low,8.57,7.32,3,No,38.22,Fail,Low
91.87,7.49,63.85,3.0,High,10.33,9.87,5,Yes,57.75,Pass,Medium
94.94,3.18,33.97,7.24,Medium,1.86,5.36,10,No,65.64,Pass,High
99.64,0.0,43.67,2.32,Low,5.42,7.92,6,No,28.2,Fail,Low
42.17,5.11,73.11,6.78,Low,4.9,4.56,7,No,41.97,Fail,Medium
57.74,0.47,97.22,8.96,Low,8.25,4.83,4,Yes,31.09,Fail,Low
83.08,2.76,24.03,9.13,Low,3.0,6.58,7,Yes,42.26,Fail,Medium
78.72,7.07,91.23,5.59,High,7.68,5.24,10,No,72.69,Pass,High
40.77,0.63,66.15,5.67,Medium,10.53,4.17,3,No,20.12,Fail,Low
87.11,8.39,65.11,2.62,Medium,5.02,4.84,7,Yes,47.63,Fail,Medium
45.71,0.04,60.02,7.37,High,10.93,3.25,4,No,38.83,Fail,Low
45.67,2.47,25.55,8.57,Medium,11.92,7.93,8,Yes,22.44,Fail,Low
67.59,7.41,27.19,3.96,Low,1.27,6.44,9,Yes,48.67,Fail,Medium
71.51,3.16,68.07,5.37,Medium,2.8,3.66,7,Yes,31.82,Fail,Low
70.61,1.02,47.28,8.71,High,11.4,4.2,8,No,38.98,Fail,Low
36.4,3.6,93.38,9.02,High,11.5,3.72,8,Yes,45.47,Fail,Medium
91.42,2.7,52.53,3.95,Low,1.17,7.29,2,Yes,37.14,Fail,Low
48.59,8.43,31.46,6.4,Medium,0.18,3.66,9,No,60.79,Pass,Medium
39.07,3.13,77.18,3.54,Medium,1.93,8.28,6,No,37.78,Fail,Low
92.21,7.89,43.47,2.82,High,11.95,3.14,4,Yes,54.53,Pass,Medium
96.9,8.92,62.04,9.29,Low,2.16,4.75,5,Yes,69.21,Pass,High
90.35,4.34,75.83,8.56,Medium,6.03,9.23,10,No,68.69,Pass,High
86.67,9.1,92.02,8.08,High,10.18,8.03,5,No,78.64,Pass,High
75.87,3.77,83.38,2.39,Medium,0.24,3.51,7,Yes,45.25,Fail,Medium
68.56,9.64,74.11,8.75,Medium,7.25,8.75,9,No,80.22,Pass,High
36.09,0.89,74.37,5.5,Low,3.32,6.45,7,Yes,24.16,Fail,Low
58.59,6.87,95.67,4.74,Low,10.35,8.93,9,No,52.26,Pass,Medium
56.09,4.94,43.67,6.37,Low,3.4,7.21,4,Yes,35.51,Fail,Low
48.18,3.88,20.09,2.73,High,8.24,7.77,10,No,41.76,Fail,Medium
80.64,6.33,41.76,8.05,Low,8.09,9.95,10,Yes,63.81,Pass,Medium
64.71,7.04,37.43,6.66,Medium,2.66,4.63,4,No,54.51,Pass,Medium
35.67,0.04,72.95,3.49,Medium,0.42,7.37,6,No,25.72,Fail,Low
45.41,1.67,70.7,3.51,Low,4.91,6.22,8,No,25.47,Fail,Low
77.83,7.13,67.48,3.47,Medium,3.47,3.28,9,No,63.42,Pass,Medium
35.33,6.66,21.3,2.46,Medium,9.71,3.1,1,Yes,24.49,Fail,Low
89.58,9.66,78.3,6.7,High,9.6,3.83,1,No,77.93,Pass,High
64.66,7.61,45.88,8.72,Medium,5.48,7.54,8,No,63.79,Pass,Medium
63.64,9.51,73.2,2.14,Medium,7.28,6.97,7,No,60.98,Pass,Medium
71.47,7.03,64.53,2.39,Low,7.25,6.87,9,No,54.06,Pass,Medium
87.73,2.98,47.42,6.58,High,9.93,3.22,3,No,38.39,Fail,Low
54.35,1.05,30.77,8.56,Low,5.1,6.29,10,Yes,27.42,Fail,Low
77.46,7.82,27.55,4.61,High,3.31,9.47,5,No,67.29,Pass,High
69.6,6.44,86.52,4.8,Low,3.18,5.78,3,No,45.25,Fail,Medium
48.69,0.48,93.47,6.77,High,6.43,7.37,5,No,32.05,Fail,Low
91.5,3.6,71.98,4.19,Medium,5.39,8.46,10,No,61.74,Pass,Medium
85.82,9.57,28.27,2.21,High,5.28,8.49,1,No,69.54,Pass,High
76.09,5.0,52.16,7.88,Low,1.09,6.63,4,Yes,47.55,Fail,Medium
89.54,4.33,78.32,7.01,Medium,8.62,9.01,6,Yes,50.7,Pass,Medium
90.71,4.58,82.39,6.65,Medium,2.56,5.74,2,Yes,55.35,Pass,Medium
79.59,2.09,29.46,7.93,High,2.36,9.22,7,No,62.88,Pass,Medium
88.59,3.69,20.0,7.4,Low,4.95,4.68,8,Yes,41.42,Fail,Medium
78.82,3.7,76.97,3.65,High,2.73,4.96,1,Yes,49.99,Fail,Medium
77.61,0.52,48.53,4.82,High,7.01,3.37,4,No,34.03,Fail,Low
73.3,7.68,40.36,3.01,Low,4.46,8.57,4,No,49.28,Fail,Medium
82.69,4.17,21.03,3.04,High,5.39,5.92,5,No,51.6,Pass,Medium
41.1,8.22,63.22,7.41,Medium,6.45,4.6,4,No,49.76,Fail,Medium
91.66,8.5,88.09,8.87,Medium,2.44,4.62,9,No,83.59,Pass,High
91.03,2.12,96.61,9.7,Low,1.87,9.31,7,Yes,64.71,Pass,Medium
32.05,6.57,65.26,7.03,Medium,10.57,8.84,2,No,42.86,Fail,Medium
87.81,4.72,61.16,3.47,Medium,5.2,6.87,1,Yes,39.08,Fail,Low
39.02,8.8,26.8,2.85,Medium,4.95,7.31,9,No,40.19,Fail,Medium
53.46,2.16,63.91,8.5,Medium,0.43,6.32,1,No,35.45,Fail,Low
82.05,6.78,50.4,6.63,Medium,5.98,5.74,6,No,63.01,Pass,Medium
41.25,6.08,68.57,6.95,Medium,6.65,9.41,2,Yes,44.58,Fail,Medium
87.26,2.95,51.1,8.25,Low,6.71,3.88,4,Yes,43.74,Fail,Medium
88.25,1.37,39.22,7.63,High,8.48,5.93,6,No,46.31,Fail,Medium
65.52,6.52,27.6,8.68,Medium,2.13,5.41,5,Yes,52.33,Pass,Medium
30.45,7.39,45.19,2.45,Low,3.03,6.49,6,No,31.4,Fail,Low
50.09,3.16,27.73,7.98,Low,9.73,6.2,3,No,26.74,Fail,Low
73.18,6.45,34.15,8.81,Medium,11.37,6.63,5,No,52.53,Pass,Medium
98.68,3.95,98.99,4.29,High,1.63,3.98,2,No,64.32,Pass,Medium
74.23,7.13,55.53,7.12,Medium,5.97,6.59,7,No,59.57,Pass,Medium
48.19,1.99,62.55,4.51,Medium,2.57,4.7,3,Yes,25.56,Fail,Low
74.38,8.9,89.89,9.66,Low,0.72,4.29,1,Yes,73.13,Pass,High
67.8,2.87,99.65,2.27,Medium,3.91,3.45,8,No,48.71,Fail,Medium
84.59,3.68,66.62,6.64,High,1.72,8.34,8,No,56.86,Pass,Medium
37.49,0.58,85.0,3.33,High,8.52,5.99,3,No,20.33,Fail,Low
83.27,1.12,46.16,7.7,Low,6.4,7.39,7,No,41.49,Fail,Medium
67.89,5.16,44.46,3.41,Medium,1.73,8.09,9,Yes,52.32,Pass,Medium
97.41,2.68,52.22,3.88,Low,0.11,7.76,8,Yes,51.41,Pass,Medium
53.93,8.35,73.8,5.95,Medium,9.7,6.29,3,Yes,51.11,Pass,Medium
74.28,0.15,74.58,9.32,High,2.11,5.72,2,No,41.6,Fail,Medium
95.24,3.79,45.22,3.69,High,7.27,5.63,10,Yes,62.04,Pass,Medium
37.18,3.37,30.66,3.15,Low,4.04,7.48,7,Yes,29.87,Fail,Low
95.61,0.19,70.59,8.07,High,7.03,6.46,7,No,52.55,Pass,Medium
78.15,1.24,30.27,6.0,Medium,3.79,8.94,9,Yes,37.66,Fail,Low
34.75,4.14,66.28,9.29,Medium,1.04,9.12,5,No,50.92,Pass,Medium
51.07,4.93,75.47,3.17,Medium,2.68,4.19,4,No,41.88,Fail,Medium
79.57,4.04,76.05,7.17,Medium,2.26,3.95,8,Yes,56.52,Pass,Medium
34.71,5.31,80.28,3.86,Medium,5.14,7.41,4,Yes,40.68,Fail,Medium
70.75,5.95,89.83,3.25,Medium,7.9,5.11,4,No,56.05,Pass,Medium
54.21,0.1,60.0,7.47,Medium,3.17,3.13,2,Yes,32.86,Fail,Low
73.46,4.64,78.42,6.75,Low,0.14,9.22,1,Yes,48.39,Fail,Medium
33.2,9.63,69.53,8.04,High,6.23,4.59,4,Yes,66.0,Pass,High
91.01,5.19,34.93,4.48,Medium,7.27,9.5,7,Yes,49.32,Fail,Medium
98.14,6.78,22.06,5.58,Low,11.55,8.02,9,No,52.46,Pass,Medium
97.82,3.12,42.76,5.24,High,7.07,8.34,9,Yes,56.33,Pass,Medium
82.48,7.74,55.44,9.87,High,5.65,4.41,10,No,95.48,Pass,High
39.11,7.73,69.37,4.34,High,6.88,4.64,1,Yes,51.07,Pass,Medium
83.08,5.21,88.0,4.36,Medium,11.13,6.65,5,No,48.63,Fail,Medium
31.72,9.76,35.7,4.84,Low,9.94,4.2,7,No,49.99,Fail,Medium
31.55,1.26,30.04,6.52,Medium,3.88,5.14,7,No,26.0,Fail,Low
52.65,0.17,97.08,4.02,Low,2.85,5.25,10,No,22.82,Fail,Low
64.21,7.7,28.64,9.32,High,3.15,4.12,6,Yes,67.19,Pass,High
83.93,8.07,58.28,4.13,Low,6.05,4.44,10,No,60.47,Pass,Medium
77.83,1.2,66.85,9.17,Low,8.93,8.52,4,Yes,42.21,Fail,Medium
61.21,2.66,63.31,2.83,Medium,6.04,4.17,3,Yes,33.4,Fail,Low
49.15,0.18,26.88,7.25,Medium,0.81,3.2,9,No,30.69,Fail,Low
99.8,2.93,24.56,9.26,High,8.68,7.41,10,Yes,61.18,Pass,Medium
59.83,7.73,28.44,3.35,Medium,9.67,9.83,4,No,36.88,Fail,Low
61.6,5.18,66.85,9.75,Low,3.47,5.32,8,Yes,64.9,Pass,Medium
41.45,3.48,63.55,5.62,Low,7.97,3.83,1,No,21.29,Fail,Low
85.64,3.72,38.7,9.57,Medium,5.12,6.99,7,No,51.74,Pass,Medium
78.56,0.01,71.02,7.41,Low,10.67,9.34,6,No,47.2,Fail,Medium
45.45,3.0,85.61,4.41,Medium,10.14,8.49,1,No,39.57,Fail,Low
35.77,6.46,23.33,3.51,Medium,6.31,7.36,4,No,31.52,Fail,Low
77.63,9.74,59.85,4.43,Medium,8.3,5.21,5,No,51.11,Pass,Medium
75.82,8.47,75.14,2.74,High,10.6,6.79,8,Yes,59.34,Pass,Medium
49.13,0.24,40.18,3.15,High,5.95,3.64,4,No,28.46,Fail,Low
96.56,8.99,44.62,2.84,High,3.76,7.75,3,Yes,70.71,Pass,High
40.57,7.83,69.09,5.38,Low,9.04,8.08,2,Yes,35.63,Fail,Low
60.26,7.8,91.83,8.36,Low,2.64,9.76,4,Yes,72.92,Pass,High
96.05,4.58,84.79,3.13,Low,4.66,4.82,10,Yes,50.8,Pass,Medium
59.38,3.98,66.65,3.04,High,10.39,3.13,4,No,31.35,Fail,Low
74.7,3.03,78.42,7.15,High,8.69,6.82,10,No,54.6,Pass,Medium
57.83,0.66,49.19,3.58,High,4.85,7.95,5,No,39.9,Fail,Low
49.2,2.28,71.28,2.78,Low,2.58,8.53,7,No,34.7,Fail,Low
98.88,2.47,57.29,3.33,High,4.27,4.36,9,Yes,43.49,Fail,Medium
58.65,4.84,35.19,9.39,Medium,3.41,4.83,2,Yes,49.84,Fail,Medium
92.59,7.47,76.14,8.57,Low,2.11,6.59,5,Yes,72.79,Pass,High
46.1,4.74,64.52,4.83,Medium,8.92,5.31,10,No,38.2,Fail,Low
44.92,0.58,48.69,7.25,Low,3.02,9.02,9,Yes,30.75,Fail,Low
32.18,9.58,92.91,6.3,Medium,5.45,6.32,3,No,55.73,Pass,Medium
75.62,9.43,21.67,7.42,Low,4.63,8.6,1,No,55.67,Pass,Medium
55.8,7.85,45.26,7.46,Medium,11.78,7.06,2,No,50.14,Pass,Medium
90.51,9.91,24.55,7.03,Medium,4.69,8.41,6,No,72.05,Pass,High
63.12,5.44,81.32,4.13,High,0.96,5.33,5,No,62.06,Pass,Medium
97.77,9.63,76.17,2.31,Medium,1.08,8.82,1,Yes,67.88,Pass,High
42.99,0.76,46.51,5.64,Medium,7.09,4.92,1,Yes,21.64,Fail,Low
90.8,3.66,74.05,9.13,High,7.19,6.82,4,No,71.22,Pass,High
84.36,2.25,51.67,6.56,High,5.03,4.5,4,No,47.93,Fail,Medium
83.96,1.96,80.5,8.66,Low,5.18,6.33,6,No,51.25,Pass,Medium
89.13,1.41,56.33,9.93,Medium,0.65,5.23,6,Yes,58.33,Pass,Medium
83.27,6.22,52.98,3.31,Low,6.2,4.87,10,No,45.38,Fail,Medium
73.84,7.81,94.78,7.53,Low,6.06,9.77,6,Yes,72.17,Pass,High
39.19,5.78,40.07,7.39,Medium,1.79,4.12,1,Yes,30.31,Fail,Low
32.28,1.47,29.64,9.84,High,1.25,8.51,10,Yes,34.45,Fail,Low
94.46,8.11,66.76,9.88,Low,1.48,9.89,9,Yes,82.41,Pass,High
73.17,6.36,97.55,7.49,High,1.21,3.14,7,Yes,77.75,Pass,High
85.76,3.88,50.23,3.95,High,7.32,7.89,7,Yes,51.51,Pass,Medium
63.71,6.74,24.96,8.39,High,2.36,4.77,7,No,68.05,Pass,High
38.21,2.6,47.14,2.86,Low,3.02,3.28,2,No,9.29,Fail,Low
38.76,3.45,60.47,8.25,High,2.08,5.82,2,No,52.73,Pass,Medium
77.99,9.17,32.95,9.28,Low,11.49,9.55,6,No,71.76,Pass,High
60.12,2.91,72.65,5.06,Medium,10.26,3.08,7,No,29.27,Fail,Low
44.04,4.7,99.82,7.05,Low,2.77,7.12,3,Yes,51.94,Pass,Medium
64.41,8.9,56.14,5.44,Low,3.93,6.51,4,Yes,56.78,Pass,Medium
34.49,7.08,48.38,5.5,Medium,2.52,9.11,3,No,51.63,Pass,Medium
70.74,0.62,52.06,4.48,Medium,5.9,3.59,7,Yes,36.99,Fail,Low
48.83,1.47,29.21,8.1,Low,0.24,7.77,7,No,37.33,Fail,Low
85.83,0.08,90.66,9.49,Low,8.06,7.76,4,No,46.5,Fail,Medium
51.73,6.31,53.19,9.53,Medium,6.28,7.68,7,No,52.13,Pass,Medium
61.87,4.48,50.98,3.4,Low,10.78,9.6,5,No,35.61,Fail,Low
30.81,1.34,72.78,9.0,High,1.97,8.76,1,No,52.99,Pass,Medium
35.07,9.58,55.36,7.9,Low,9.65,3.29,10,Yes,47.44,Fail,Medium
57.47,5.3,71.86,4.02,Low,9.5,6.3,4,No,33.4,Fail,Low
63.6,2.42,24.92,2.54,Medium,1.53,5.79,7,Yes,34.8,Fail,Low
72.0,5.01,85.1,4.14,Medium,4.78,5.17,2,No,49.64,Fail,Medium
50.42,6.8,95.24,9.3,Medium,2.04,6.16,2,No,57.68,Pass,Medium
78.65,0.76,71.9,7.07,Low,3.06,5.69,1,Yes,35.86,Fail,Low
90.21,2.75,96.37,7.77,High,3.16,6.03,2,No,61.23,Pass,Medium
84.59,8.07,32.11,4.06,Medium,6.67,9.85,10,Yes,57.78,Pass,Medium
32.77,4.6,58.19,7.76,Low,4.94,3.62,8,Yes,44.99,Fail,Medium
63.64,5.47,68.14,2.22,Medium,11.37,9.46,8,No,42.56,Fail,Medium
37.35,4.33,66.54,5.0,High,1.52,6.36,8,Yes,56.29,Pass,Medium
46.94,0.44,52.12,7.01,Low,11.68,7.37,1,Yes,8.35,Fail,Low
99.07,1.66,47.05,3.17,Low,2.77,8.81,1,Yes,37.76,Fail,Low
39.97,4.46,30.15,8.58,High,9.27,5.52,10,No,52.59,Pass,Medium
64.92,2.09,51.34,3.88,Medium,4.07,6.01,4,Yes,31.11,Fail,Low
73.27,0.5,33.01,7.22,Medium,1.72,5.87,6,Yes,34.94,Fail,Low
79.17,8.44,78.75,5.24,Low,10.29,5.62,8,No,50.97,Pass,Medium
69.18,9.81,36.71,6.77,Low,3.71,9.48,2,Yes,58.01,Pass,Medium
30.68,7.93,24.69,2.86,Medium,7.91,8.8,3,Yes,33.08,Fail,Low
52.85,8.54,64.19,2.14,Low,6.8,3.76,6,No,36.76,Fail,Low
66.24,2.42,67.62,9.28,Medium,5.66,3.76,10,No,45.69,Fail,Medium
36.15,9.61,89.75,4.16,Medium,5.95,6.0,4,No,57.1,Pass,Medium
54.54,1.97,66.16,8.56,Low,8.79,3.69,2,Yes,29.35,Fail,Low
32.32,9.51,47.64,9.99,High,1.05,7.33,7,No,82.75,Pass,High
35.5,9.95,84.24,3.69,High,8.02,4.01,4,No,53.38,Pass,Medium
57.78,7.12,63.22,4.12,Medium,10.75,6.66,8,Yes,48.09,Fail,Medium
39.29,9.81,26.34,7.3,Low,0.69,3.05,8,Yes,53.65,Pass,Medium
69.73,5.7,65.27,9.72,Low,1.69,5.22,7,No,58.74,Pass,Medium
78.26,2.6,92.64,9.33,Medium,8.6,7.74,10,No,57.19,Pass,Medium
86.04,4.37,51.71,6.02,Low,5.25,6.39,9,No,48.74,Fail,Medium
44.01,5.94,43.71,8.36,High,4.84,9.85,4,No,60.31,Pass,Medium
41.72,0.73,31.48,3.09,Low,1.64,9.12,7,No,18.4,Fail,Low
37.32,6.22,32.12,9.82,Medium,6.08,5.51,10,No,59.13,Pass,Medium
74.55,9.81,54.62,9.71,Medium,1.52,3.32,10,Yes,72.11,Pass,High
79.45,1.9,67.65,3.31,Medium,5.72,8.92,1,Yes,41.26,Fail,Medium
32.21,7.93,26.45,4.4,Low,9.16,9.38,4,No,32.98,Fail,Low
95.53,9.08,95.17,2.8,Medium,3.1,8.74,2,No,71.3,Pass,High
33.64,9.44,80.41,4.17,Low,5.77,3.9,9,No,51.05,Pass,Medium
67.89,9.6,66.93,8.53,High,11.9,9.99,5,No,79.78,Pass,High
79.63,5.21,86.28,5.03,Low,8.24,4.81,3,No,39.47,Fail,Low
90.97,9.77,26.41,2.71,High,10.1,8.07,4,Yes,58.8,Pass,Medium
79.99,7.57,58.15,4.74,High,4.98,9.36,6,No,72.46,Pass,High
86.12,1.62,70.41,9.85,Low,9.21,4.65,10,Yes,37.23,Fail,Low
53.76,4.77,86.29,7.04,High,0.49,9.36,1,Yes,62.58,Pass,Medium
87.04,7.18,82.68,5.33,Low,1.47,5.17,7,Yes,60.19,Pass,Medium
35.61,2.47,42.17,3.33,High,2.44,9.83,8,No,33.66,Fail,Low
92.64,6.41,95.27,9.89,Medium,4.82,4.97,7,No,67.62,Pass,High
68.33,6.67,29.95,8.57,Low,10.15,9.67,7,Yes,56.04,Pass,Medium
87.21,1.63,90.01,4.25,Medium,4.16,3.37,9,Yes,46.13,Fail,Medium
61.66,5.65,97.68,2.56,Low,7.86,7.96,4,No,38.34,Fail,Low
75.05,7.72,34.17,2.45,High,8.51,6.72,7,No,53.45,Pass,Medium
66.85,4.99,77.77,2.96,Low,7.03,6.35,9,No,36.42,Fail,Low
81.21,0.12,23.22,6.65,Medium,4.29,4.56,5,No,27.62,Fail,Low
35.71,0.09,52.43,9.43,Medium,6.92,7.94,2,No,26.16,Fail,Low
34.22,3.57,61.3,5.97,High,4.11,4.34,5,Yes,41.55,Fail,Medium
47.3,9.26,66.45,8.74,Low,1.01,6.87,4,Yes,67.99,Pass,High
41.17,2.29,94.87,5.57,Medium,11.91,4.77,8,Yes,21.68,Fail,Low
91.02,6.34,73.78,7.67,Medium,1.53,9.69,5,No,76.24,Pass,High
45.34,2.22,58.5,7.85,Medium,0.87,3.2,9,Yes,33.28,Fail,Low
98.31,3.22,84.77,3.39,Low,10.54,4.4,9,No,42.92,Fail,Medium
53.58,8.48,96.04,4.89,Low,3.62,4.7,3,Yes,53.8,Pass,Medium
42.75,7.29,21.77,7.1,Low,7.8,5.9,10,No,49.68,Fail,Medium
85.28,0.95,98.6,2.57,Medium,3.95,4.63,6,Yes,35.27,Fail,Low
76.11,4.29,26.89,4.89,Low,4.7,6.44,6,Yes,42.48,Fail,Medium
64.87,0.29,85.15,6.28,Medium,3.15,9.11,4,Yes,34.79,Fail,Low
68.88,4.81,42.43,9.97,Low,4.12,7.98,10,No,58.45,Pass,Medium
80.34,6.62,30.57,5.8,High,4.93,7.06,3,Yes,48.45,Fail,Medium
45.99,1.19,55.19,8.53,High,8.64,3.62,1,No,36.1,Fail,Low
99.74,2.89,71.52,5.46,Medium,6.14,7.86,7,No,62.98,Pass,Medium
98.24,3.98,50.48,8.37,Medium,11.32,4.16,5,No,45.33,Fail,Medium
75.52,9.2,24.37,6.76,Low,0.5,8.5,10,No,70.33,Pass,High
43.97,9.93,67.96,9.09,Low,6.04,4.75,7,No,65.82,Pass,High
77.62,0.45,92.19,5.29,Low,7.01,5.92,1,Yes,20.6,Fail,Low
35.05,7.61,50.66,6.83,Medium,11.04,5.45,8,Yes,42.07,Fail,Medium
32.15,3.72,37.31,7.04,Medium,0.59,9.01,3,No,35.92,Fail,Low
48.04,3.92,55.41,5.34,High,6.88,3.89,7,Yes,55.01,Pass,Medium
62.38,7.54,23.87,3.15,Medium,10.24,6.96,3,No,44.24,Fail,Medium
90.78,9.18,85.64,2.75,Medium,2.9,3.99,3,Yes,64.62,Pass,Medium
80.9,9.51,86.11,2.13,Medium,10.52,7.93,10,No,69.48,Pass,High
81.99,5.77,67.04,8.99,Medium,0.23,9.34,9,Yes,77.24,Pass,High
59.78,3.57,48.25,3.89,Low,8.79,6.04,2,No,27.39,Fail,Low
54.22,7.88,83.98,3.69,Medium,11.2,6.42,4,No,42.15,Fail,Medium
55.97,2.51,64.37,7.89,Medium,7.89,9.49,6,Yes,51.29,Pass,Medium
99.14,5.64,86.07,4.56,Medium,5.27,6.65,3,Yes,55.69,Pass,Medium
32.81,3.59,70.52,6.05,High,0.54,6.41,10,Yes,49.19,Fail,Medium
90.69,6.57,82.75,3.3,Low,11.04,7.05,10,No,56.34,Pass,Medium
70.51,2.4,67.89,9.68,Low,5.64,7.82,7,Yes,50.55,Pass,Medium
60.7,1.92,53.13,8.81,Medium,0.35,3.75,7,Yes,46.28,Fail,Medium
80.77,9.18,96.64,8.91,Medium,8.28,8.75,5,No,84.21,Pass,High
64.07,1.02,63.29,5.25,Low,5.78,6.05,3,Yes,19.61,Fail,Low
91.14,5.06,68.41,8.1,High,1.49,3.51,2,Yes,76.71,Pass,High
93.05,2.21,37.64,3.15,High,2.57,8.5,4,Yes,44.52,Fail,Medium
59.52,0.39,70.05,2.07,High,0.77,5.64,4,No,32.92,Fail,Low
49.38,0.36,65.73,2.16,Low,6.89,3.7,8,No,23.75,Fail,Low
71.46,1.75,34.79,6.69,High,7.46,7.44,8,Yes,40.63,Fail,Medium
93.87,8.67,24.77,5.64,Medium,6.07,9.16,5,No,70.85,Pass,High
44.75,2.82,68.35,6.14,Medium,9.81,9.21,6,Yes,35.32,Fail,Low
73.61,9.5,81.1,2.06,Medium,10.33,9.7,8,Yes,58.18,Pass,Medium
74.21,5.82,61.87,5.38,High,7.39,9.07,1,No,54.62,Pass,Medium
81.32,4.37,38.14,7.74,Medium,0.15,3.01,5,Yes,56.29,Pass,Medium
39.21,5.8,73.32,5.54,Medium,8.34,5.66,4,No,46.46,Fail,Medium
80.11,5.17,26.41,7.86,Medium,5.02,8.73,4,No,55.39,Pass,Medium
93.63,7.59,55.35,3.86,Medium,6.79,5.56,2,No,46.57,Fail,Medium
42.58,2.82,33.07,8.51,Low,7.79,7.21,10,Yes,37.65,Fail,Low
46.63,3.53,34.76,6.71,High,4.2,7.24,1,Yes,40.44,Fail,Medium
98.0,8.94,36.18,3.69,Medium,11.01,5.56,6,No,50.78,Pass,Medium
42.67,9.46,50.94,3.89,Medium,1.61,9.33,7,Yes,63.41,Pass,Medium
89.81,8.93,24.09,7.02,Low,8.06,6.52,5,No,64.48,Pass,Medium
64.46,4.19,51.82,8.64,Medium,0.05,6.25,8,Yes,58.62,Pass,Medium
47.31,7.8,60.94,5.33,Low,11.1,9.98,9,Yes,54.13,Pass,Medium
90.95,4.76,58.66,4.07,Low,1.35,6.45,2,Yes,49.74,Fail,Medium
61.17,4.98,50.62,8.94,Medium,1.14,4.25,4,No,56.62,Pass,Medium
66.04,2.05,87.13,7.35,Medium,4.0,6.59,9,No,49.54,Fail,Medium
55.15,5.91,31.63,5.58,Medium,4.48,8.7,5,Yes,51.74,Pass,Medium
71.51,1.86,60.46,5.9,Low,2.57,8.44,3,No,42.69,Fail,Medium
41.45,3.32,24.96,3.63,Medium,7.02,8.52,6,Yes,31.25,Fail,Low
57.38,8.55,25.69,7.01,Low,5.31,7.96,3,Yes,49.64,Fail,Medium
97.86,2.07,65.91,4.87,High,0.41,4.78,5,No,60.85,Pass,Medium
48.07,0.71,65.28,9.97,Medium,3.84,9.03,3,No,43.43,Fail,Medium
75.97,0.69,90.24,5.84,Medium,9.73,9.25,6,Yes,34.97,Fail,Low
52.76,9.41,64.63,5.89,Low,8.28,4.36,10,Yes,54.07,Pass,Medium
84.14,5.07,96.78,6.53,Low,8.7,3.91,5,No,47.39,Fail,Medium
39.16,4.09,23.9,9.33,High,8.38,9.83,9,No,40.12,Fail,Medium
97.89,8.11,27.84,8.41,Low,3.73,9.08,3,No,72.29,Pass,High
61.77,8.36,23.53,5.61,Medium,1.2,9.25,6,Yes,78.2,Pass,High
46.52,3.32,34.82,7.75,Medium,3.27,9.2,8,No,52.14,Pass,Medium
35.14,6.94,63.3,6.69,Low,9.98,6.79,7,Yes,43.13,Fail,Medium
41.88,7.71,71.65,5.94,High,11.77,7.52,6,No,52.95,Pass,Medium
66.38,6.55,23.65,3.54,Medium,5.93,6.82,2,Yes,35.61,Fail,Low
53.59,1.52,95.68,5.71,Low,0.12,3.36,7,Yes,38.57,Fail,Low
88.02,8.76,87.37,3.97,Low,1.68,8.22,8,Yes,77.17,Pass,High
60.16,5.39,43.73,9.32,Low,3.86,6.54,1,No,43.47,Fail,Medium
47.41,2.82,26.18,4.68,High,6.94,7.53,9,No,51.23,Pass,Medium
73.2,4.25,33.59,9.62,Medium,0.9,6.52,4,Yes,48.79,Fail,Medium
79.47,0.38,30.16,6.26,Low,11.32,6.44,8,No,24.74,Fail,Low
41.69,1.28,29.86,7.05,Low,4.38,4.2,10,No,25.55,Fail,Low
41.73,7.66,61.48,6.34,Medium,10.95,4.95,7,Yes,47.37,Fail,Medium
32.57,0.0,39.67,3.04,Medium,9.37,4.11,10,No,7.14,Fail,Low
81.55,4.17,48.65,5.01,Medium,9.07,4.37,7,No,42.33,Fail,Medium
76.47,5.23,99.16,2.79,Medium,7.28,9.81,2,Yes,48.35,Fail,Medium
63.22,0.55,74.75,6.98,Low,7.52,4.07,1,Yes,30.74,Fail,Low
89.09,9.73,95.92,5.57,Medium,7.66,4.88,4,Yes,80.66,Pass,High
86.4,2.26,31.4,8.22,High,7.54,7.13,2,Yes,45.27,Fail,Medium
70.97,3.04,50.57,3.76,Low,6.64,7.27,8,No,25.57,Fail,Low
90.78,3.04,64.38,3.32,Medium,11.84,4.08,10,No,40.2,Fail,Medium
44.41,2.3,26.14,5.25,Medium,8.79,8.56,7,No,28.54,Fail,Low
37.83,0.01,20.33,9.41,Medium,9.32,8.5,8,Yes,26.27,Fail,Low
48.88,7.29,73.63,7.68,Low,10.47,4.66,6,No,50.24,Pass,Medium
34.0,9.67,71.35,5.35,High,2.59,5.02,1,No,69.29,Pass,High
67.18,2.24,52.86,6.14,Medium,1.01,9.57,9,No,54.81,Pass,Medium
95.56,6.63,59.17,2.67,Medium,5.79,8.78,6,Yes,61.09,Pass,Medium
32.75,7.42,53.24,9.88,Low,6.17,7.88,10,No,60.78,Pass,Medium
38.55,8.48,21.92,7.33,Low,9.95,3.58,1,No,36.07,Fail,Low
61.65,4.23,46.83,4.28,Low,5.33,5.93,1,No,25.33,Fail,Low
95.37,3.03,34.17,6.69,Medium,6.85,6.92,8,Yes,56.7,Pass,Medium
52.13,3.25,27.87,2.88,Low,6.32,4.31,6,Yes,20.4,Fail,Low
65.51,7.13,96.54,9.73,Medium,0.46,6.14,8,No,73.29,Pass,High
32.91,8.17,67.95,3.4,Medium,7.38,7.21,8,Yes,42.36,Fail,Medium
40.38,1.82,78.29,7.18,Medium,9.94,5.29,8,No,28.15,Fail,Low
99.06,3.71,45.23,3.96,Medium,1.89,8.47,10,No,50.22,Pass,Medium
97.56,9.02,51.45,7.74,Medium,7.13,8.88,7,Yes,80.5,Pass,High
30.35,8.07,38.95,8.21,Low,7.12,5.27,7,No,44.99,Fail,Medium
96.63,9.85,27.76,7.39,Low,1.97,8.87,10,Yes,82.56,Pass,High
74.74,7.54,34.32,6.92,Medium,1.48,3.73,4,Yes,65.07,Pass,High
90.75,3.93,83.8,9.14,Medium,11.76,8.86,9,No,66.95,Pass,High
61.83,5.91,74.2,2.63,Low,4.72,4.07,2,No,40.07,Fail,Medium
66.09,6.61,63.75,4.65,Medium,2.73,3.58,9,Yes,57.35,Pass,Medium
64.22,0.78,58.01,3.99,Low,2.06,7.49,10,No,32.11,Fail,Low
76.68,5.44,93.79,9.9,Low,8.01,6.3,3,Yes,57.47,Pass,Medium
39.78,7.09,25.82,5.12,Low,7.31,9.36,2,No,38.8,Fail,Low
32.1,1.67,42.45,7.86,High,7.72,5.54,4,No,26.44,Fail,Low
51.56,7.81,48.0,7.48,Low,1.06,5.01,5,Yes,54.62,Pass,Medium
79.33,5.84,82.59,3.7,Low,10.72,6.51,2,No,37.06,Fail,Low
44.13,9.52,99.4,3.91,Low,4.67,6.19,1,No,59.45,Pass,Medium
77.14,0.42,39.25,4.25,Low,3.76,5.41,10,No,32.66,Fail,Low
97.89,2.65,89.94,5.29,Medium,5.55,7.86,5,No,65.27,Pass,High
36.57,6.02,86.45,3.87,Low,4.68,8.32,9,Yes,41.83,Fail,Medium
77.08,2.97,37.97,2.16,Low,10.36,8.97,5,Yes,21.81,Fail,Low
61.06,7.14,51.95,9.04,Medium,11.15,9.81,10,No,63.11,Pass,Medium
90.77,7.59,52.77,9.72,Low,3.64,4.87,9,No,67.17,Pass,High
42.4,1.03,98.26,4.73,Medium,10.37,8.01,10,No,35.63,Fail,Low
78.48,5.14,34.47,4.71,Medium,9.38,5.76,6,Yes,41.59,Fail,Medium
88.67,5.09,83.93,2.06,Low,11.17,7.74,3,Yes,36.54,Fail,Low
96.12,3.69,46.74,7.44,Medium,2.95,6.33,4,Yes,61.01,Pass,Medium
77.83,9.33,78.47,8.6,Low,6.92,9.96,4,Yes,63.0,Pass,Medium
64.8,8.28,53.6,3.17,Medium,3.29,8.1,1,No,56.49,Pass,Medium
73.25,6.97,66.27,3.28,Medium,9.89,9.67,3,No,46.93,Fail,Medium
90.82,7.14,86.61,8.32,Low,0.06,8.84,3,Yes,78.87,Pass,High
69.94,4.62,84.33,6.93,Medium,6.78,9.32,1,No,58.46,Pass,Medium
32.13,9.21,89.31,2.36,High,4.07,8.7,9,No,53.29,Pass,Medium
95.17,6.95,24.77,6.98,High,3.87,6.21,1,Yes,63.48,Pass,Medium
78.27,7.29,75.36,4.47,Medium,7.74,4.76,9,No,59.18,Pass,Medium
77.36,8.62,31.2,4.95,Medium,10.22,5.59,1,Yes,35.83,Fail,Low
45.1,2.74,53.27,8.16,Low,7.31,3.14,2,No,27.34,Fail,Low
76.12,8.07,63.89,8.49,Low,10.24,6.67,2,No,53.68,Pass,Medium
57.57,1.95,52.22,5.2,Medium,3.18,6.54,6,No,29.88,Fail,Low
75.59,3.45,61.57,9.58,Medium,6.23,6.68,7,No,52.04,Pass,Medium
37.46,3.36,99.72,5.25,High,5.41,9.82,1,Yes,42.37,Fail,Medium
76.05,9.79,30.82,8.17,Medium,0.14,9.38,3,No,72.95,Pass,High
99.96,8.57,74.04,5.87,Medium,6.68,4.13,2,No,67.33,Pass,High
33.37,7.01,51.68,9.18,Medium,7.94,5.58,8,No,57.59,Pass,Medium
98.4,7.27,30.64,9.26,High,7.1,5.97,9,No,75.66,Pass,High
58.48,5.62,32.7,2.7,Medium,8.84,5.52,2,No,36.13,Fail,Low
90.95,9.47,95.94,9.49,Medium,6.86,8.59,2,No,77.74,Pass,High
84.77,4.96,90.37,8.6,Low,0.8,6.67,10,Yes,70.28,Pass,High
69.69,3.81,92.56,8.33,High,1.4,7.0,9,Yes,82.38,Pass,High
81.69,1.63,99.32,3.61,Low,7.16,8.97,4,No,28.87,Fail,Low
91.5,7.86,36.67,8.44,High,3.3,8.64,5,No,70.13,Pass,High
58.29,7.34,48.44,8.8,Medium,0.96,3.93,9,No,72.26,Pass,High
52.89,3.84,73.54,4.31,Medium,5.16,8.0,6,Yes,43.88,Fail,Medium
76.73,0.25,58.7,9.62,Medium,6.65,6.05,10,Yes,42.37,Fail,Medium
86.55,8.39,53.47,2.4,Medium,3.94,5.06,9,No,55.21,Pass,Medium
83.36,0.11,48.62,3.2,Low,8.65,3.35,9,No,20.03,Fail,Low
85.85,7.04,67.5,6.3,High,7.73,6.41,7,No,69.94,Pass,High
60.49,9.7,66.05,6.61,Medium,3.99,5.49,10,Yes,72.4,Pass,High
87.25,4.38,32.92,7.16,Low,9.06,4.76,9,Yes,37.75,Fail,Low
38.41,2.35,57.74,2.14,Low,7.78,7.86,5,Yes,15.65,Fail,Low
68.11,7.05,64.28,9.68,Medium,7.65,8.39,5,Yes,62.5,Pass,Medium
30.4,8.17,65.62,2.36,Medium,6.64,4.71,8,No,46.63,Fail,Medium
52.72,5.46,36.81,3.14,Medium,0.14,3.35,10,Yes,38.12,Fail,Low
55.65,9.67,79.38,2.11,Medium,8.36,8.94,4,Yes,56.46,Pass,Medium
57.73,0.52,22.02,6.53,Medium,4.51,3.07,9,Yes,41.0,Fail,Medium
78.68,5.05,48.39,9.46,High,11.31,9.56,7,Yes,57.57,Pass,Medium
57.2,7.18,82.42,7.33,Medium,9.82,7.39,7,No,55.17,Pass,Medium
61.41,8.63,65.11,8.58,High,7.05,5.25,3,Yes,68.47,Pass,High
46.63,1.79,40.89,2.11,Low,3.03,4.73,4,Yes,0.0,Fail,Low
56.13,8.0,75.6,6.34,Medium,2.44,3.06,7,No,54.11,Pass,Medium
45.91,5.53,65.39,5.68,Low,4.08,4.65,5,Yes,42.09,Fail,Medium
35.12,3.97,83.7,5.99,Medium,5.72,3.96,3,No,35.22,Fail,Low
72.24,1.32,78.8,2.58,High,3.55,7.29,1,Yes,44.4,Fail,Medium
76.77,8.65,68.81,7.48,Low,6.18,4.17,7,No,62.14,Pass,Medium
73.36,1.57,59.05,6.03,Low,1.98,6.7,6,Yes,37.02,Fail,Low
62.44,3.1,30.65,8.12,High,11.73,7.13,10,Yes,42.46,Fail,Medium
56.59,2.9,40.91,5.88,Low,1.3,5.09,7,No,33.85,Fail,Low
90.43,8.71,53.53,3.2,Medium,11.18,3.25,2,Yes,42.83,Fail,Medium
